Titel,Seminarphase,Zeitbedarf,Gruppengröße,Kurzbeschreibung,"Autor*in / Kontakt","Lernziele (Ich-kann ...)",Komplexitätsgrad,"Vorbereitung nötig",Raumanforderungen,Sozialform,Risiken/Tipps,Debrief/Reflexionsfragen,Materialien,H5P-Inhalt,Material/Technik,Ablauf,"Tags / Schlüsselworte","Kognitive Dimension",Tags
Partner*innen-Interview,Einstieg,60,beliebig,"<p>Zwei oder drei Kolleg*innen unterhalten sich zu bestimmten Fragen miteinander. Halten ihre Ergebnisse auf einer Fliphart fest und stellen sich anschließend selber im Seminarplenum vor.</p>","Guido Brombach","<ul>
<li>Ich kenne die anderen Kolleg*innen.</li>
<li>Ich habe mich selbst der Gruppe vorgestellt.</li>
</ul>","ehr niedrig",,Stuhlkreis##Stehtische##Gruppentische,,"<p>Nicht zu viele Fragen und bei der Vorstellung nicht zu ausführlich werden, sonst dauert es bei 20 Kolleg*innen zu lang. Die Teilnehmenden sollten sich selbst vorstellen statt ihre*n interviewten Partner*in</p>",,,,"<ul>
<li>Flipchart</li>
<li>Eddings</li>
</ul>","<ol>
<li>Bildung von 2er oder 3er Gruppen</li>
<li>Erklärung der Fragen, zum Beispiel
<ol>
<li>Name</li>
<li>Betrieb</li>
<li>gelernter Beruf</li>
<li>heute ausgeführter Beruf</li>
<li>Was wird in eurem Betrieb hergestellt?</li>
<li>Welche Aufgabe übernimmst du im Herstellungsprozess?</li>
<li>Hobbies</li>
<li>Funktion in der IG Metall</li>
<li>Etwas, das mit dem Inhalt des Seminars zu tun hat, zum Beispiel:
<ol>
<li>Was hast du zu verbergen? oder Zum welchem Thema braucht es mehr Sicherheit</li>
</ol>
</li>
</ol>
</li>
</ol>",SEL,"Erinnern: Wissen wiedergeben oder abrufen (z.B. benennen, definieren)",
Plattformkapitalismus,"Wissen vermitteln",30,beliebig,"<p>Vermittelt, wie Plattformen Marktmacht bilden (Monopolisierung) und wie sie nicht die Rohdaten, sondern das Wissen über Daten wirtschaftlich nutzen — mit Alltagsbeispiel WhatsApp/Meta.</p>","Guido, guido.brombach@igmetall.de","<ul>
<li>Wissen vermitteln (Erklärung zentraler Mechanismen)</li>
<li>Sensibilisierung für digitale Machtstrukturen</li>
<li>Diskussion anstoßen über Folgen für Privatsphäre und Wettbewerb</li>
</ul>",mittel,keine,Plenum,Vortrag,"<ul>
<li>Fallstricke: Vereinfachung komplexer ökonomischer Zusammenhänge (darauf achten, zentrale Begriffe klar zu definieren).</li>
<li>Tipp: Beispiele verwenden (z. B. WhatsApp vs. Signal/Telegram), um abstrakte Mechanismen greifbar zu machen.</li>
</ul>","<ol>
<li>Welche Mechanismen treiben die Monopolisierung von Plattformen an?</li>
<li>Inwiefern unterscheidet sich das Geschäftsmodell von Plattformen von klassischen Verkaufsmodellen?</li>
<li>Welche Folgen hat die Praxis, nur das „Wissen über Daten“ zu monetarisieren, für Datenschutz und Wettbewerb?</li>
<li>Kennst du Beispiele, wo fehlende Interoperabilität die Wahlfreiheit einschränkt?</li>
</ol>",,,,"<ol>
<li>Begrüßung &amp; Einstiegsfrage (1–2 Min): „Was versteht ihr unter Plattformen?“</li>
<li>Impulsvortrag (10–15 Min):</li>
</ol>
<h3>Stichpunkte für Referierende – Plattformkapitalismus</h3>
<h4>Abschnitt 1: Einstieg – Was ist Plattformkapitalismus?</h4>
<ul>
<li>Plattformkapitalismus = neue Form von Wirtschaft: Plattform als digitale Infrastruktur, nicht nur Anbieter.</li>
<li>Unterschied zum klassischen Kapitalismus: kein Wettbewerb durch Verknappung, sondern Tendenz zu Monopolen.</li>
<li>Zentrale Botschaft: Plattformkapitalismus ersetzt klassischen Wettbewerb durch Plattformdominanz.</li>
</ul>
<h4>Abschnitt 2: Beispiel WhatsApp</h4>
<ul>
<li>WhatsApp als Kommunikationsplattform, nicht interoperabel mit Signal oder Telegram.</li>
<li>Meta kontrolliert Daten und verhindert Drittzugriff, um Konkurrenz auszuschließen.</li>
<li>Zentrale Botschaft: Plattformen kontrollieren Standards und sichern sich Marktmacht, indem sie Interoperabilität blockieren.</li>
</ul>
<h4>Abschnitt 3: Geschäftsmodell Plattform</h4>
<ul>
<li>Plattformen verkaufen nicht die Daten selbst, sondern das Wissen über Daten (Muster, Verhalten).</li>
<li>Digitale Nutzung = Vervielfältigung, nicht Verknappung → Daten können beliebig kopiert werden.</li>
<li>Zentrale Botschaft: Wert entsteht durch Analyse und Steuerung von Daten, nicht durch deren Verkauf.</li>
</ul>
<h4>Abschnitt 4: Dynamik der Monopolisierung</h4>
<ul>
<li>Netzwerkeffekte: Je mehr Nutzer, desto wertvoller die Plattform → Selbstverstärkung.</li>
<li>Standards und Protokolle: Kommunikation nur bei gleichen Protokollen möglich → Plattformen verhindern absichtlich offene Standards.</li>
<li>Zentrale Botschaft: Netzwerkeffekte und technische Standards führen dazu, dass Plattformen Monopolstellungen anstreben.</li>
</ul>
<h4>Abschnitt 5: Zentrale Mechanismen</h4>
<ul>
<li>Plattformen streben nach Monopolstellung.</li>
<li>Daten werden nicht verkauft, sondern nur Wissen über Daten → künstliche Verknappung trotz Vervielfältigung.</li>
<li>Zentrale Botschaft: Plattformkapitalismus beruht auf zwei Motoren: Monopolstreben und Datenwissen als knappes Gut.</li>
</ul>
<h4>Abschnitt 6: Bedeutung für digitale Selbstverteidigung</h4>
<ul>
<li>Nutzer*innen sind abhängig von Plattformen, Wahlfreiheit oft eingeschränkt.</li>
<li>Bewusstsein für diese Machtverhältnisse ist Voraussetzung, um Alternativen zu suchen und Datenschutz ernst zu nehmen.</li>
<li>Zentrale Botschaft: Digitale Selbstverteidigung heißt, die Mechanismen des Plattformkapitalismus zu verstehen und kritisch zu hinterfragen.</li>
</ul>
<p>3. Kurzes Beispiel (2–3 Min): WhatsApp vs. Signal/Telegram — Kommunikationsprotokolle und Interoperabilität.<br>4. Diskussion / Fragen (10–15 Min): Offene Fragerunde; ggf. Kleingruppen für 5–7 Min, danach Ergebnisse im Plenum.<br>5. Abschluss (2–3 Min): Kernaussagen zusammenfassen, Hinweis auf weiterführende Materialien/Handout.</p>",SEL,,
"Datenhandel & Sicherheit",Reflexion,60,13–24,"<p>Die Teilnehmenden erarbeiten in vier Gruppen unterschiedliche Aspekte des Standortdatenhandels anhand der „Databroker Files“. Jede Gruppe beantwortet eine Leitfrage mithilfe verlinkter Artikel. Anschließend Vorstellung im Plenum, Diskussion und Reflexion.</p>","Guido, guido.brombach@igmetall.de","<ul>
<li>… erklären, wie Standortdaten gesammelt und gehandelt werden.</li>
<li>… Risiken des Datenhandels für Privatsphäre und nationale Sicherheit benennen.</li>
<li>… rechtliche Rahmenbedingungen einschätzen.</li>
<li>… konkrete Schutzmaßnahmen für den Alltag ableiten.</li>
</ul>",mittel,,Gruppenräume,Kleingruppen,"<ul>
<li>Gefahr der Überforderung bei langen Artikeln → klare Textstellen vorgeben</li>
<li>Gruppen darauf hinweisen, sich auf Kernaspekte zu konzentrieren</li>
</ul>","<ol>
<li>Was war für euch beim Lesen am überraschendsten?</li>
<li>Welche gesellschaftlichen Folgen hat der Standortdatenhandel?</li>
<li>Welche Verantwortung tragen Politik, Unternehmen und Individuen jeweils?</li>
<li>Was könnt ihr selbst im Alltag tun, um eure Daten zu schützen?</li>
<li>Welche offenen Fragen bleiben für euch nach der Gruppenarbeit?</li>
</ol>",,,"<p>Links zu Artikeln (digital oder Ausdruck), ggf. Arbeitsblätter mit Leitfragen:<br><br></p>","<ol>
<li>Einstieg (5 Min): Kurze Einführung zum Thema Plattformkapitalismus &amp; Datenhandel, Vorstellung der Recherche „Databroker Files“.</li>
<li>Gruppenarbeit (20 Min): Vier Gruppen bearbeiten jeweils eine Leitfrage mit Hilfe der angegebenen Abschnitte/Artikel.<br>
<ol>
<li>Gruppe 1: Herkunft der Standortdaten (Handy-Apps)<br>
<p>Wie gelangen Datenhändler an präzise Standortdaten von Millionen Menschen in Deutschland, und welche Rolle spielen dabei Handy-Apps?</p>
<p>Diese Frage kann mit Hilfe des Abschnitts ""Woher kommen die Standortdaten?"" (https://netzpolitik.org/2024/databroker-files-die-grosse-datenhaendler-recherche-im-ueberblick/#3) beantwortet werden.</p>
</li>
<li>Gruppe 2: Risiken für nationale Sicherheit<br>
<p>Welche potenziellen Risiken für die nationale Sicherheit Deutschlands entstehen durch den Handel mit Standortdaten?</p>
<p>Antworten hierzu finden sich im Abschnitt ""Wieso gefährdet der Datenhandel die Sicherheit Deutschlands?"" (https://netzpolitik.org/2024/databroker-files-die-grosse-datenhaendler-recherche-im-ueberblick/#4).</p>
</li>
<li>Gruppe 3: Rechtliche Rahmenbedingungen<br>
<p>Welche rechtlichen Rahmenbedingungen gelten in Deutschland für den Handel mit persönlichen Standortdaten, und wie wird die Einhaltung dieser Gesetze überwacht?</p>
<p>Diese Frage wird im Abschnitt ""Ist der Datenhandel legal?"" (https://netzpolitik.org/2024/databroker-files-die-grosse-datenhaendler-recherche-im-ueberblick/#5) thematisiert.</p>
</li>
<li>Gruppe 4: Schutzmaßnahmen für Einzelpersonen<br>
<p>Welche Maßnahmen können Einzelpersonen ergreifen, um ihre Standortdaten vor dem Zugriff durch Databroker zu schützen?</p>
<p>Diese Frage kann mit Hilfe des Artikels ""Databroker Files: Sieben Wege, um deinen Standort vor Databrokern zu schützen"" (https://netzpolitik.org/2025/databroker-files-sieben-wege-um-deinen-standort-vor-databrokern-zu-schuetzen/) beantwortet werden.</p>
</li>
</ol>
</li>
<li>Vorstellung im Plenum (20 Min): Jede Gruppe präsentiert ihre Ergebnisse (max. 5 Min).</li>
<li>Diskussion &amp; Debrief (10–15 Min): Gemeinsame Reflexion anhand der Leitfragen.</li>
<li>Abschluss (5 Min): Zusammenfassung der wichtigsten Erkenntnisse, Verknüpfung zum Thema digitale Selbstverteidigung.</li>
</ol>",SEL,"Verstehen: Informationen interpretieren oder erklären (z.B. zusammenfassen, vergleichen)##Analysieren: Informationen in ihre Bestandteile zerlegen (z.B. unterscheiden, klassifizieren)##Bewerten: Urteile fällen und Kriterien anwenden (z.B. überprüfen, kritisch bewerten)",
"Kontrolle im Browser – Adblocker","Wissen vermitteln##Reflexion",60,13–24,"<p>Die Einheit zeigt, wie Adblocker im Browser Werbung und Tracker blockieren, welche Unterschiede es zwischen Anbietern gibt und wo Risiken liegen. Anhand praktischer Demonstrationen lernen die Teilnehmenden, wie sie sich vor Tracking und potenziell schädlicher Werbung schützen können.</p>","Guido, guido.brombach@igmetall.de","<ul>
<li>erklären, wie Adblocker Werbung und Tracker blockieren.</li>
<li>Risiken einzelner Anbieter einschätzen (z. B. Adblock Plus vs. uBlock Origin).</li>
<li>einen Adblocker installieren und seine Grundfunktionen nutzen.</li>
<li>zusätzliche Schutzmaßnahmen (z. B. Blokada, Filterlisten) anwenden.</li>
</ul>",niedrig,"10–30 Min","Plenum##akustisch ruhig",Vortrag,,"<ol>
<li>Welche Erfahrungen habt ihr bisher mit Werbung im Browser gemacht?</li>
<li>Welche Vor- und Nachteile seht ihr beim Einsatz von Adblockern?</li>
<li>Wie verändert sich euer Vertrauen in „kostenlose“ Tools, wenn ihr erfahrt, dass manche mit Werbung Geld verdienen?</li>
<li>Welche Maßnahmen werdet ihr persönlich nach dem Seminar umsetzen?</li>
</ol>",,,"<ul>
<li>Internetzugang Browser mit Beamer/Leinwand</li>
<li>Testseiten mit Werbung (z. B. Nachrichtenportale) V</li>
<li>orinstallierter Adblocker (uBlock Origin)</li>
<li>optional Blokada auf Smartphone</li>
<li>Links zu: <a href=""https://blokada.org"">Blokada.org, </a><a href=""https://www.heise.de/ratgeber/Werbeblocker-im-Vergleich-Zwoelf-Tools-gegen-stoerende-Banner-9626680.html?seite=all"" target=""_blank"" rel=""noreferrer noopener"">Heise-Ratgeber zu Werbeblockern, </a> <a href=""https://addons.mozilla.org/en-US/firefox/addon/ublock-origin/"">uBlock Origin Addon-Link</a></li>
</ul>","<ol>
<li>Einstieg (5 Min): Kurze Frage ins Plenum: „Wer von euch nutzt bereits einen Adblocker?“ → Einstieg über Alltagserfahrungen.</li>
<li>Input (20 Min): Vortrag mit den wichtigsten Stichpunkten:
<ol>
<li>Adblocker blockieren Werbung und Tracker, auch wenn Cookies akzeptiert wurden.</li>
<li>Werbeanzeigen können Schadcode enthalten (häufig ausgeliefert über Content Delivery Networks).</li>
<li>Risiken bei bestimmten Adblockern (z. B. Adblock Plus zeigt zahlenden Kunden trotz Blockade Werbung).</li>
<li>Vorteile von uBlock Origin (Open Source, spendenfinanziert, ohne bezahlte Whitelist).<br>Alternative Tools wie Blokada (systemweiter Werbeblocker, besonders für mobile Endgeräte).</li>
<li>Überblick über Testergebnisse verschiedener Blocker (vgl. Heise Ratgeber).</li>
</ol>
</li>
<li>Demonstration (20 Min):<br>
<ol>
<li>Installation und Einrichtung von uBlock Origin im Browser (z. B. Firefox, Addon-Link).</li>
<li>Live-Demonstration: Seite mit und ohne Adblocker aufrufen, Unterschiede sichtbar machen.</li>
<li>Hinweis auf Einstellungen/Filterlisten (z. B. Trackinglisten aktivieren).</li>
<li>Optionale Ergänzung: Blokada auf Mobilgerät zeigen (blokada.org).</li>
</ol>
</li>
<li>Diskussion/Fragen (10 Min): Austausch über Erfahrungen, Vor- und Nachteile, Tipps für den eigenen Einsatz.</li>
<li>Abschluss (5 Min): Zusammenfassung der wichtigsten Erkenntnisse, Verweis auf Materialien und Links.</li>
</ol>",SEL,"Verstehen: Informationen interpretieren oder erklären (z.B. zusammenfassen, vergleichen)##Anwenden: Wissen in neuen Situationen umsetzen (z.B. ausführen, verallgemeinern)",
"Cookies & Tracker sichtbar machen (mit Lightbeam)","Vorwissen aktivieren##Wissen vermitteln##Reflexion",45,13–24,"<p>Anhand des Cookies von <em>Zeit Online</em> wird gezeigt, welche Tracker eingebunden sind und was „berechtigtes Interesse“ im Datenschutz bedeutet. Mit dem Addon <strong>Lightbeam</strong> visualisieren die Teilnehmenden, wie mehrere Webseiten Daten an dieselben Drittanbieter übermitteln und so Profile entstehen. Anschließend probieren die Teilnehmenden es selbst aus.</p>","Guido, guido.brombach@igmetall.de","<ul>
<li>die Funktionsweise von Cookies und Trackern anhand eines Beispiels erklären.</li>
<li>erläutern, was „berechtigtes Interesse“ im Datenschutzkontext bedeutet.</li>
<li>mit Lightbeam sichtbar machen, wie Webseiten Daten an Drittanbieter übermitteln.</li>
<li>die Auswirkungen auf Profilbildung und digitale Werbung reflektieren.</li>
</ul>",mittel,,Gruppentische,Vortrag##Kleingruppen,"<ul>
<li>Wichtig: Adblocker müssen deaktiviert sein, sonst zeigt Lightbeam keine Tracker.</li>
<li>Teilnehmende können sich durch viele technische Begriffe überfordert fühlen → klare Erklärungen in Alltagssprache nutzen.</li>
<li>Tipp: Beispiele dokumentieren (Screenshots) und als Handout weitergeben.</li>
</ul>","<ol>
<li>Welche Tracker tauchen besonders häufig auf?</li>
<li>Was bedeutet „berechtigtes Interesse“ aus Sicht der Unternehmen – und aus Sicht der Nutzer*innen?</li>
<li>Wie verändert sich unser Bild von „kostenlosen“ Angeboten, wenn wir die Datenströme sehen?</li>
<li>Welche Schutzmöglichkeiten wären für euch persönlich realistisch?</li>
</ol>",,,"<ul>
<li>Browser + Internetzugang</li>
<li><a href=""https://addons.mozilla.org/en-US/firefox/addon/lightbeam-chikl/"">Addon Lightbeam</a></li>
<li>Beamer für zentrale Demonstration</li>
<li>Ausdruck oder Screenshot der Cookie-Liste von <em>Zeit Online</em></li>
<li>Handouts/Links mit Definition „berechtigtes Interesse“ (DSGVO Art. 6 Abs. 1 lit. f)</li>
</ul>","<ol>
<li>Einstieg (5 Min):<br>
<ol>
<li>Aufruf der Cookie-Information von Zeit Online.</li>
<li>Frage ins Plenum: „Was ist eigentlich berechtigtes Interesse und wohin fließen diese Daten?“</li>
</ol>
</li>
<li>Cookie-Analyse (10 Min):<br>
<ol>
<li>Aufzeigen der Vielzahl an Trackern im Cookie.</li>
<li>Erklärung: Verbindung zu Drittwebseiten (z. B. Werbenetzwerke).</li>
<li>Bild der Zeitung als „Litfaßsäule“: Menschenströme → attraktiver Ort für Werbung und Datensammlung.</li>
</ol>
</li>
<li>Demonstration Lightbeam (10–15 Min):
<ol>
<li>Lightbeam installieren, Reset durchführen.</li>
<li>Wichtig: Adblocker deaktivieren.</li>
<li>Besuch von 2–3 Webseiten (z. B. Zeit Online + andere Nachrichtenseite).</li>
<li>Sichtbar machen, wie Tracker derselben Anbieter Daten von mehreren Webseiten empfangen → Verknüpfung von Interessen, Erstellung von Profilen.</li>
</ol>
</li>
<li>Übung der Teilnehmenden (10–15 Min):<br>
<ol>
<li>Jede*r probiert Lightbeam auf dem eigenen Rechner/Browser aus.</li>
<li>Aufruf eigener Lieblingsseiten → Visualisierung der Tracker.</li>
<li>Beobachten: Welche Tracker tauchen mehrfach auf?</li>
</ol>
</li>
<li>Reflexion/Debatte (5–10 Min):<br>
<ol>
<li>Welche Muster sind aufgefallen?</li>
<li>Welche Rolle spielen Werbenetzwerke und Drittanbieter?</li>
<li>Was bedeutet „berechtigtes Interesse“ in der Praxis?</li>
<li>Wie verändert diese Erfahrung den Blick auf „kostenlose“ Inhalte?</li>
</ol>
</li>
</ol>",SEL,"Verstehen: Informationen interpretieren oder erklären (z.B. zusammenfassen, vergleichen)##Anwenden: Wissen in neuen Situationen umsetzen (z.B. ausführen, verallgemeinern)",
"Checkliste zur Datenverarbeitung","Vorwissen aktivieren##Reflexion##Transfer",45,3–5,"<p>Die Teilnehmenden reflektieren in Kleingruppen, wo sie selbst Daten Dritter verarbeiten (z. B. WhatsApp-Gruppen, Adressbücher, Teilnahmelisten). Mit Hilfe einer Checkliste diskutieren sie die Prinzipien Rechtmäßigkeit, Datensparsamkeit, Zweckbindung, Datensicherheit und Transparenz.</p>","Guido, guido.brombach@igmetall.de","<ul>
<li>die fünf Grundprinzipien der Datenverarbeitung erklären.</li>
<li>meine eigene Datenverarbeitung kritisch prüfen.</li>
<li>Beispiele für datenschutzgerechtes Handeln im Alltag benennen.</li>
<li>Maßnahmen zur sicheren Verarbeitung von Daten ableiten.</li>
</ul>",mittel,,Gruppentische##Gruppenräume,Kleingruppen,"<ul>
<li>Gefahr, dass Diskussion zu allgemein bleibt → Gruppen sollten konkrete Praxisbeispiele wählen.</li>
<li>Tipp: WhatsApp als gemeinsames Beispiel vorschlagen, weil alle damit vertraut sind.</li>
<li>Variante: Statt WhatsApp können auch andere Datenspeicher (z. B. Cloud, E-Mail-Verteiler, Fahrtenbuch, Sammlung für eine Jubiläumsfeier) analysiert werden.</li>
<li>Wenn der AG gegen die DSGVO verstößt, ist der Umgang klar, aber wie ist es, wenn sich der BR, SBV oder VK in dieser Grauzone bewegt?
<ul>
<li>Grundsätzlich ist immer der AG für die Einhaltung des Datenschutzes verantwortlich</li>
<li>Verarbeitungsverzeichnis anlegen</li>
</ul>
</li>
</ul>","<ol>
<li>Welche Daten verarbeitet ihr selbst regelmäßig?</li>
<li>Welche Risiken seht ihr bei der Speicherung/Weitergabe?</li>
<li>Wo seht ihr Verstöße gegen die Prinzipien der Datenverarbeitung?</li>
<li>Welche einfachen Schritte könnt ihr umsetzen, um Datenschutz zu verbessern?</li>
<li>Was nehmt ihr persönlich aus der Übung für eure Gremienarbeit mit?</li>
</ol>","Checkliste zur Datenverarbeitung.pdf",,"<ul>
<li>Ausdrucke der Checkliste mit den fünf Prinzipien</li>
<li>Stifte, Papier oder Moderationskarten</li>
<li>Optional: Flipchart für Sammlung im Plenum</li>
</ul>","<ol>
<li><strong>Einstieg (5 Min):</strong> Kurze Einführung in die fünf Grundprinzipien der Datenverarbeitung (Rechtmäßigkeit, Datensparsamkeit, Zweckbindung, Datensicherheit, Transparenz).</li>
<li><strong>Aufgabenstellung (5 Min):</strong> Vorstellung der Reflexionsfragen und der Checkliste. Beispiel: Umgang mit einer selbst erstellten WhatsApp-Gruppe.</li>
<li><strong>Gruppenarbeit (20 Min):</strong> Kleingruppen (3–5 Personen) sammeln Beispiele aus der eigenen Praxis (Adressbuch, Teilnahmelisten, interne Gruppenkommunikation) und beantworten die fünf Fragen.</li>
<li><strong>Vorstellung im Plenum (10 Min):</strong> Jede Gruppe präsentiert 1–2 zentrale Erkenntnisse.</li>
<li><strong>Abschluss (5 Min):</strong> Gemeinsame Sammlung von Tipps, wie Datenschutz im Alltag der Gremienarbeit umgesetzt werden kann.</li>
</ol>",SEL,"Verstehen: Informationen interpretieren oder erklären (z.B. zusammenfassen, vergleichen)",
"Einführung in die Vokabeln der DSGVO","Wissen vermitteln",30,beliebig,"<p>Die Einheit führt in die fünf zentralen Prinzipien der Datenschutz-Grundverordnung (DSGVO) ein: Rechtmäßigkeit, Datensparsamkeit, Zweckbindung, Datensicherheit und Transparenz. Teilnehmende erhalten ein grundlegendes Verständnis, wie diese Prinzipien die Verarbeitung personenbezogener Daten bestimmen.</p>","Guido, guido.brombach@igmetall.de","<ol>
<li>Ich kann die fünf Grundprinzipien der DSGVO benennen und erläutern.</li>
<li>Ich kann deren Bedeutung für die Verarbeitung personenbezogener Daten verstehen.</li>
<li>Ich kann einschätzen, welche Konsequenzen sich daraus für die eigene Praxis ergeben.</li>
</ol>",niedrig,,"Plenum##akustisch ruhig",Vortrag,"<ul>
<li>Gefahr: zu juristisch formuliert → unbedingt alltagsnahe Beispiele einbauen.</li>
<li>Tipp: Teilnehmende nach eigenen Beispielen fragen, um Bezug zur Praxis herzustellen.</li>
</ul>","<ol>
<li>Welches der fünf Prinzipien ist in eurer Praxis besonders relevant?</li>
<li>Wo seht ihr selbst mögliche Verstöße oder Unsicherheiten?</li>
<li>Welche Maßnahmen könnt ihr sofort umsetzen, um die Prinzipien einzuhalten?</li>
</ol>",,,"<ul>
<li>Link zur Rechtsquelle: <a class=""decorated-link"" href=""https://dsgvo-gesetz.de/"">dsgvo-gesetz.de</a></li>
</ul>","<ol>
<li><strong>Einstieg (2 Min):</strong> Hinweis auf die Bedeutung der DSGVO für Alltag und Arbeitswelt.</li>
<li><strong>Vortrag zu den Kernprinzipien (20 Min):</strong> Erklärung der fünf Vokabeln anhand kurzer Beispiele.</li>
<li><strong>Fragerunde/Reflexion (8 Min):</strong> Austausch mit Teilnehmenden, Übertragung in ihre Praxis.</li>
</ol>
<h3>Vortragsinhalt</h3>
<ol>
<li><strong>Rechtmäßigkeit</strong>
<ol>
<li>DSGVO Art. 5 Abs. 1 lit. a; Art. 6</li>
<li>Daten dürfen nur verarbeitet werden, wenn dafür eine Rechtsgrundlage existiert (z. B. Einwilligung, Vertragserfüllung, gesetzliche Pflicht).</li>
<li><em>Beispiel:</em> Newsletter-Versand nur mit expliziter Einwilligung der Empfänger*innen.</li>
</ol>
</li>
<li><strong>Datensparsamkeit (Datenminimierung)</strong>
<ol>
<li>DSGVO Art. 5 Abs. 1 lit. c</li>
<li>Verarbeitung muss dem Zweck angemessen und auf das erforderliche Maß beschränkt sein.</li>
<li><em>Beispiel:</em> Telefonnummer darf bei einer Online-Bestellung nur erhoben werden, wenn sie für den Lieferprozess nötig ist.</li>
</ol>
</li>
<li><strong>Zweckbindung</strong>
<ol>
<li>DSGVO Art. 5 Abs. 1 lit. b</li>
<li>Daten dürfen nur für festgelegte, eindeutige und legitime Zwecke verarbeitet werden.</li>
<li>Eine Weiterverarbeitung zu einem anderen Zweck ist nur eingeschränkt möglich.</li>
<li><em>Beispiel:</em> Eine E-Mail-Adresse, die für eine Seminaranmeldung erhoben wurde, darf nicht für Werbung genutzt werden.</li>
</ol>
</li>
<li><strong>Datensicherheit (Integrität &amp; Vertraulichkeit)</strong>
<ol>
<li>DSGVO Art. 5 Abs. 1 lit. f; Art. 32</li>
<li>Geeignete technische und organisatorische Maßnahmen müssen getroffen werden, um Daten vor unbefugtem Zugriff, Verlust oder Zerstörung zu schützen.</li>
<li><em>Beispiel:</em> Passwörter verschlüsseln, sensible Daten nicht ungesichert per E-Mail versenden</li>
</ol>
</li>
<li><strong>Transparenz</strong>
<ol>
<li>DSGVO Art. 5 Abs. 1 lit. a; Art. 12–14</li>
<li>Betroffene müssen klar und verständlich informiert werden, welche Daten erhoben, verarbeitet und gespeichert werden.</li>
<li><em>Beispiel:</em> Datenschutzerklärung auf einer Webseite, die verständlich erklärt, welche Cookies gesetzt werden.</li>
</ol>
</li>
</ol>",SEL,"Erinnern: Wissen wiedergeben oder abrufen (z.B. benennen, definieren)##Verstehen: Informationen interpretieren oder erklären (z.B. zusammenfassen, vergleichen)",
"DSGVO-Paragrafen in Alltagssprache übersetzen","Wissen vermitteln##Reflexion##Transfer",60,3–5,"<p>Die Teilnehmenden übersetzen ausgewählte Artikel der DSGVO (Art. 4, 5, 6, 7) in eine verständliche Sprache. Grundlage sind die fünf Prinzipien Rechtmäßigkeit, Datensparsamkeit, Zweckbindung, Datensicherheit und Transparenz. Ziel ist es, die abstrakten juristischen Formulierungen gemeinsam so lange zu vereinfachen, bis sie für alle nachvollziehbar sind.</p>","Guido, guido.brombachligmetall.de","<ul>
<li>Ich kann zentrale Artikel der DSGVO in einfacher Sprache wiedergeben.</li>
<li>Ich kann die Verbindung zwischen abstrakten Rechtsnormen und den fünf Grundprinzipien der DSGVO herstellen.</li>
<li>Ich kann schwierige juristische Formulierungen so umschreiben, dass sie im Alltag verständlich sind.</li>
<li>Ich kann KI-gestützte Übersetzungen kritisch prüfen und anpassen.</li>
</ul>",mittel,"10–30 Min",Gruppentische##Gruppenräume,Kleingruppen,"<ul>
<li>Gefahr: zu starke Vereinfachung → den Bezug zu den Originalartikeln nicht verlieren.</li>
<li>Wichtig: betonen, dass KI nur ein Hilfsmittel ist – die Verständlichkeit muss gemeinsam geprüft werden.</li>
<li>Tipp: Gruppen ermutigen, offene Fragen sofort anzusprechen und gemeinsam zu klären.</li>
</ul>","<ol>
<li>Welche juristischen Begriffe waren besonders schwer zu übersetzen?</li>
<li>Welche Rolle spielen die fünf Grundprinzipien der DSGVO in den Artikeln?</li>
<li>Wie kann einfache Sprache helfen, die DSGVO im Alltag umzusetzen?</li>
<li>Welche Erkenntnisse nehmt ihr für eure Arbeit mit?</li>
</ol>",DSGVO_zum_Uebersetzen.pdf,,"<ul>
<li>PDF mit den vier Artikeln der DSGVO</li>
<li>Moodle-Aktivität „PDF-Annotation“ oder Ausdrucke</li>
<li>Stifte, Papier oder digitale Geräte mit Internetzugang</li>
<li>Optional: KI-Tool (z. B. ChatGPT) für Erstübersetzungen</li>
</ul>","<ol>
<li>Einstieg (5 Min): Einführung in die Aufgabe: „Die DSGVO ist oft schwer verständlich – wir übersetzen die wichtigsten Artikel in Alltagssprache.“</li>
<li>Gruppenbildung (5 Min): Vier Gruppen, jede Gruppe erhält einen Paragrafen:
<ol>
<li>Gruppe 1: Art. 6 DSGVO – Rechtmäßigkeit der Verarbeitung</li>
<li>Gruppe 2: Art. 7 DSGVO – Bedingungen für die Einwilligung</li>
<li>Gruppe 3: Art. 4 DSGVO – Begriffsbestimmungen</li>
<li>Gruppe 4: Art. 5 DSGVO – Grundsätze für die Verarbeitung personenbezogener Daten</li>
</ol>
</li>
<li>Arbeitsphase (20–25 Min):
<ol>
<li>Jede Gruppe liest den Artikel (bereitgestellt als PDF).</li>
<li>Aufgabe: Übersetzt den Text so, dass er für alle verständlich ist.</li>
<li>Hilfsmittel: KI-gestützte Übersetzung (z. B. ChatGPT), die aber kritisch geprüft und ggf. angepasst werden muss.</li>
<li>Ziel: Bezug zu den fünf Grundprinzipien der DSGVO herausarbeiten.</li>
<li>Methode: Bearbeitung direkt im PDF (schriftlich) oder über Moodle PDF-Annotation.</li>
</ol>
</li>
<li>Vorstellung im Plenum (10–15 Min): Jede Gruppe liest ihre vereinfachte Fassung vor und erklärt, wie sie den Text angepasst hat.</li>
<li>Reflexion (5–10 Min): Diskussion im Plenum: Welche Begriffe waren besonders schwierig? Wo besteht Klärungsbedarf?</li>
</ol>",SEL,"Verstehen: Informationen interpretieren oder erklären (z.B. zusammenfassen, vergleichen)##Anwenden: Wissen in neuen Situationen umsetzen (z.B. ausführen, verallgemeinern)",
DSGVO-Quiz,Reflexion,45,13–24,"<p>Die Teilnehmenden bearbeiten in Partnerarbeit ein Moodle-Quiz zur DSGVO. Die Fragen decken zentrale Inhalte ab: Einwilligung, Erlaubnistatbestände, Rechte der Betroffenen, Praxisbeispiele. Nach der Bearbeitung werden im Plenum besonders überraschende oder strittige Antworten besprochen und eingeordnet.</p>","Guido, guido.brombach@igmetall.de","<ul>
<li>Ich kann typische Fragen zur DSGVO beantworten und mein Wissen überprüfen.</li>
<li>Ich kann zwischen richtigen und falschen Aussagen zur Datenverarbeitung unterscheiden.</li>
<li>Ich kann die Rechte von Betroffenen benennen und erklären.</li>
<li>Ich kann praktische Datenschutzfragen kritisch reflektieren.</li>
</ul>",mittel,"10–30 Min",Plenum##Stuhlkreis,Partnerarbeit,"<ul>
<li>Gefahr, dass Teilnehmende einzeln arbeiten → Partnerarbeit bewusst einfordern.</li>
<li>Tipp: Zeit klar begrenzen, sonst vertiefen sich Teams zu stark in einzelne Fragen.</li>
<li>Tipp: Überraschende falsche Antworten gezielt als Lernchance nutzen.</li>
</ul>","<ol>
<li>Welche Antworten haben euch am meisten überrascht?</li>
<li>Welche Fragen waren unklar oder schwer zu beantworten?</li>
<li>Wo zeigt sich ein Unterschied zwischen rechtlicher Theorie und Praxis im Alltag?</li>
<li>Welche Erkenntnis nehmt ihr für eure Arbeit mit?</li>
</ol>",sicherung-datenschutzquiz.mbz,,"<ul>
<li>Moodle-Kurs mit Quiz</li>
<li>Endgeräte mit Internetzugang (Laptop, Tablet oder Smartphone)</li>
<li>Beamer/Leinwand für gemeinsame Auswertung im Plenum</li>
</ul>","<ol>
<li>Einstieg (5 Min): Kurze Einführung: „Wir testen unser Wissen zur DSGVO mit einem Moodle-Quiz.“</li>
<li>Arbeitsphase (20 Min):
<ol>
<li>Die Teilnehmenden bearbeiten das Quiz in 2er-Teams.</li>
<li>Austausch über die Antworten direkt während der Bearbeitung.</li>
<li>Feedback &amp; Auswertung (15 Min):</li>
<li>Moodle zeigt direkt Rückmeldungen und richtige Antworten an.</li>
<li>Die Teilnehmenden notieren sich Fragen/Antworten, die sie überrascht oder irritiert haben.</li>
</ol>
</li>
<li>Plenum (10 Min):
<ol>
<li>Gemeinsame Diskussion über falsche oder unerwartete Antworten.</li>
<li>Referent*in klärt offene Punkte und gibt Hintergrundinfos.</li>
</ol>
</li>
<li>Abschluss (5 Min): Zusammenfassung der wichtigsten Erkenntnisse, Hinweis auf weiterführende Materialien.</li>
</ol>",SEL,"Anwenden: Wissen in neuen Situationen umsetzen (z.B. ausführen, verallgemeinern)",
"Fußabdruck im Netz – They see your photos","Vorwissen aktivieren##Reflexion",30,13–24,"<p>In Partnerarbeit experimentieren die Teilnehmenden mit der Webseite <a href=""https://theyseeyourphotos.com"" target=""_blank"" rel=""noreferrer noopener"">They see your photos</a>. Sie laden Beispielbilder hoch oder nutzen die Galerie, um zu sehen, wie automatisch Profile erstellt werden. Anschließend diskutieren sie, wie diese Technik funktioniert und welche Konsequenzen sie für Privatsphäre und digitale Werbung hat.</p>","Guido, guido.brombach@igmetall.de","<ul>
<li>erklären, wie aus Fotos automatisiert Werbeprofile erstellt werden.</li>
<li>Beispiele für Profilbildung aus Alltagsbildern nennen.</li>
<li>Chancen und Risiken solcher KI-gestützten Analysen reflektieren.</li>
<li>Maßnahmen zum Schutz meiner Privatsphäre im Netz benennen.</li>
</ul>",mittel,,Plenum,Partnerarbeit,"<ul>
<li>sensibel bleiben: keine privaten Fotos von TN nutzen, nur Demo- oder Stockbilder.</li>
<li>Tipp: Vorab Beispielbilder bereitstellen, falls TN keine eigenen hochladen wollen.</li>
<li>Hinweis: Ergebnis ist eine KI-Schätzung – nicht alles stimmt, das ist Teil der Diskussion.</li>
</ul>","<ul>
<li>Welche Profile wurdn aus euren Bildern erstellt?</li>
<li>Was davon war richtig, was überraschend oder absurd?</li>
<li>Welche Gefahren entstehen, wenn solche Profile in Werbung oder Politik genutzt werden?</li>
<li>Wie verändert das euer Bewusstsein für Fotos im Netz?</li>
</ul>",,,"<ul>
<li>Internetzugang</li>
<li>Browser mit Zugriff auf <a href=""https://theyseeyourphotos.com"" target=""_blank"" rel=""noreferrer noopener"">theyseeyourphotos.com</a></li>
<li>Optional vorbereitete Beispielbilder (Stockfotos, neutrale Fotos)</li>
<li>Beamer für kurze Demonstration</li>
</ul>","<ol>
<li>Einstieg (5 Min): Kurze Einführung: „Bilder sind nicht neutral – aus Fotos können Werbeprofile generiert werden.“</li>
<li>Partnerarbeit (15 Min):
<ol>
<li>Öffnet die Seite theyseeyourphotos.com.</li>
<li>Testet die Demo: Foto hochladen oder vorhandene Beispiele nutzen.</li>
<li>Beobachtet, welche Kategorien/Labels das System erkennt und welche Profile daraus abgeleitet werden.</li>
<li>Notiert: Was erscheint plausibel, was überraschend oder falsch?</li>
</ol>
</li>
<li>Reflexion im Paar (5 Min): Diskutiert, wie das System funktioniert (Bilderkennung, KI-gestützte Zuordnung, Werbeinteressen).</li>
<li>Plenum (5 Min): Sammeln der Eindrücke: „Welche Gefahren seht ihr, wenn Fotos so ausgewertet werden?“</li>
</ol>",SEL,"Anwenden: Wissen in neuen Situationen umsetzen (z.B. ausführen, verallgemeinern)##Bewerten: Urteile fällen und Kriterien anwenden (z.B. überprüfen, kritisch bewerten)",
"Das Google Dashboard",Reflexion,20,13–24,"<p>Die Teilnehmenden erkunden in Partnerarbeit das <a href=""https://myaccount.google.com/dashboard"" target=""_blank"" rel=""noreferrer noopener"">Google Dashboard</a>. Sie analysieren, welche Daten Google über sie gespeichert hat (z. B. Suchverlauf, Standort, YouTube-Nutzung). Anschließend tauschen sie sich über Unterschiede, Überraschungen und mögliche Konsequenzen für ihre digitale Privatsphäre aus.</p>","Guido, guido.brombach@igmetall.de","<ul>
<li>das Google Dashboard aufrufen und verstehen, welche Daten dort gespeichert werden.</li>
<li>zwischen verschiedenen Arten von personenbezogenen Daten unterscheiden (Kommunikation, Standort, Geräte, Mediennutzung).</li>
<li>Chancen und Risiken einer solchen Datensammlung reflektieren.</li>
<li>Maßnahmen zur Begrenzung meiner Daten im Google-Ökosystem benennen.</li>
</ul>",niedrig,,Plenum,Partnerarbeit,"<ul>
<li>Sensibilität: Teilnehmende könnten private Daten nicht teilen wollen → klare Regeln: nur Kategorien, keine Details berichten.</li>
<li>Tipp: Vorab ein Demo-Konto oder Screenshots bereithalten, falls TN kein eigenes Konto haben.</li>
<li>Hinweis: Dashboard zeigt nur gespeicherte Daten, nicht alle Verarbeitungsprozesse → betonen, dass dies ein Teilüberblick ist.</li>
</ul>","<ol>
<li>Welche Datenarten hat Google über euch gespeichert?</li>
<li>Was hat euch am meisten überrascht?</li>
<li>Welche Daten würdet ihr gerne löschen oder besser schützen?</li>
<li>Welche Lehren zieht ihr für euren digitalen Alltag?</li>
</ol>",,,"<ul>
<li>Internetzugang</li>
<li>Eigene Geräte (Laptop, Tablet, Smartphone)</li>
<li>Zugang zum <a href=""https://myaccount.google.com/dashboard"" target=""_blank"" rel=""noreferrer noopener"">Google Dashboard</a></li>
<li>Optional: Demo-Konto oder vorbereitete Screenshots</li>
</ul>","<ol>
<li>Einstieg (5 Min): Kurze Einführung: „Google speichert Daten aus vielen Diensten – das Dashboard zeigt euch einen Überblick.“</li>
<li>Partnerarbeit – Selbstexperiment (20 Min):<br>
<ol>
<li>Öffnet das Google Dashboard (Login erforderlich).</li>
<li>Jede*r TN schaut mit dem eigenen Konto hinein.</li>
<li>Im Paar: Notiert, welche Datenarten sichtbar sind (z. B. Gmail, YouTube, Standort, Geräte).</li>
<li>Diskutiert: Welche Daten sind erwartbar, welche überraschend?</li>
<li>Achtung: Keine sensiblen Daten im Plenum teilen – Reflexion bleibt auf Ebene von Kategorien.</li>
</ol>
</li>
<li>Reflexion im Paar (5 Min): Überlegt: Was sagt dieser Überblick über euren „Fußabdruck im Netz“? Welche Risiken und Chancen seht ihr?</li>
<li>Plenum (10 Min): Sammlung der Eindrücke: „Welche Gemeinsamkeiten, welche Unterschiede?“ „Was hat überrascht?“</li>
</ol>",SEL,"Anwenden: Wissen in neuen Situationen umsetzen (z.B. ausführen, verallgemeinern)",
"Fußabdrücke im Netz vermeiden — Tor, Private Browsing & Praxis","Wissen vermitteln",60,beliebig,"<p>Kurzvortrag mit Live-Demo: Die Teilnehmenden lernen, wie Tor installiert und genutzt wird, was der Browser verschleiert (und was nicht) sowie den Unterschied zum Privacymodus. Anschließend eigenständige Übungen an den Laptops. Mindestens zwei Referent*innen werden benötigt, damit technische Nachfragen parallel am Gerät beantwortet werden können.</p>","Guido, guido.brombach@igmetall.de","<ul>
<li>den Unterschied zwischen Privacymodus und Tor erklären.</li>
<li>Tor herunterladen, installieren und starten (Basis).</li>
<li>beschreiben, welche Spuren Tor verschleiert und welche Risiken bestehen.</li>
<li>in einem einfachen Test die IP-Unterschiede zwischen normalem Browser und Tor nachweisen.</li>
<li>einschätzen, wann Tor sinnvoll ist (z. B. Whistleblowing) und wann Privacymodus genügt.</li>
</ul>",hoch,,"Plenum##akustisch ruhig",Vortrag##Einzelarbeit,"<ul>
<li>Mindestens 2 Referent*innen erforderlich, damit Vortrag + technischer Support parallel funktionieren.</li>
<li>OPSEC-Warnung: TN dürfen sich nicht mit persönlichen Konten in Tor einloggen, wenn Anonymität gewünscht.</li>
<li>Exit-Node-Risiko: Bei unverschlüsseltem HTTP kann Exit-Node Inhalte sehen — HTTPS verwenden.</li>
<li>Dateien: Heruntergeladene Dateien außerhalb von Tor nicht ohne Prüfung öffnen (Metadaten).</li>
<li>Netzwerkblockaden: In Firmennetzwerken/öffentlichen WLANs kann Tor blockiert sein — Bridges ggf. nötig.</li>
<li>Überforderung vermeiden: nur Basisfunktionen zeigen; tiefergehende Konfiguration als Zusatzmaterial anbieten.</li>
</ul>","<ol>
<li>Was hat euch an den Unterschieden zwischen Privacymodus und Tor am meisten überrascht?</li>
<li>Welche Risiken bleiben trotz Nutzung von Tor bestehen?</li>
<li>In welchen beruflichen oder privaten Situationen würdet ihr Tor empfehlen — und warum?</li>
<li>Welche OPSEC-Regeln sind bei der Nutzung von Tor unbedingt zu beachten?</li>
<li>Welche weiteren Hilfsmittel (z. B. SecureDrop, Verschlüsselung) braucht man in Kombination mit Tor?</li>
</ol>","Referent*innen-Notizen — Fußabdrücke im Netz vermeiden.docx",,"<ul>
<li>Beamer/Leinwand für Demo</li>
<li>Internetzugang (stabiles WLAN)</li>
<li>Eigene Laptops der TN (oder Leihgeräte)</li>
<li>Tor Browser Installations-Links (offizielle Seite: <a href=""https://www.torproject.org"">https://www.torproject.org</a>)</li>
<li>Testseiten: whatismyipaddress.com oder ähnliche IP-Checker</li>
</ul>","<ol>
<li>Begrüßung &amp; Zielsetzung (3 Min)<br>
<ol>
<li>Kurzvorstellung: Man kann parallel zum Vortrag schon ausprobieren, Fragen allerdings erst in der Fragephase, dann stehen auch zwei Referent*innen für Support zur Verfügung</li>
</ol>
</li>
<li>Kurze Begriffsklärung (5 Min)<br>
<ol>
<li>Was ist Tor (Onion-Routing), was ist der Privacymodus (Incognito) — je 1–2 Sätze mit Alltagsbild.</li>
</ol>
</li>
<li>Warum Tor? Wann ist Anonymität nötig? (5 Min)<br>
<ol>
<li>Schutz vor Netzwerk-Beobachtern, Zensurumgehung, sichere Einreichung sensibler Hinweise (z. B. SecureDrop).</li>
</ol>
</li>
<li>Live-Demo: Tor installieren &amp; starten (10 Min)<br>
<ol>
<li>Offizielle Seite zeigen, Download, Start-Wizard, Sicherheitslevel, NoScript-Hinweis. (Referent*in demonstriert; TN folgen auf eigenen Laptops wenn möglich.)</li>
</ol>
</li>
<li>Was Tor verschleiert / was nicht (5 Min)
<ol>
<li>IP vs. Fingerprinting, Exit-Node-Risiko, Login-Gefahr, Dateimetadaten.</li>
</ol>
</li>
<li>Privatmodus vs. Tor — Live-Vergleich (7 Min)<br>
<ol>
<li>In Normalbrowser Incognito öffnen → IP-Check; dann Tor → IP-Check; Unterschiede erklären.</li>
</ol>
</li>
<li>Beispiel: Whistleblowing &amp; SecureDrop (5 Min)<br>
<ol>
<li>Warum Medien Onion-Services nutzen; Metadaten-Risiko; kurze Ablaufbeschreibung (kein echtes Einreichen).</li>
</ol>
</li>
<li>Praktische Übung (15–20 Min)<br>
<ol>
<li>Aufgaben: Privatemodus testen (IP A), Tor testen (IP B), Unterschiede notieren; Diskussion im Tandem; Troubleshooting durch 2. Referent*in</li>
</ol>
</li>
<li>Nachfragephase &amp; Troubleshooting (10 Min)<br>
<ol>
<li>Offene Fragen, direkte Hilfestellung an Laptops (Firewall, Bridges, Demo-Account).</li>
</ol>
</li>
<li>Abschluss / Takeaways (3 Min)<br>
<ol>
<li>Kurze Zusammenfassung: Wann Privacymodus, wann Tor; OPSEC-Basics; weiterführende Links.</li>
</ol>
</li>
</ol>",SEL,"Verstehen: Informationen interpretieren oder erklären (z.B. zusammenfassen, vergleichen)##Anwenden: Wissen in neuen Situationen umsetzen (z.B. ausführen, verallgemeinern)",
"Persönlichkeitstest zur Privatsphäre – Welche*r Privatsphärentyp bist du?",Einstieg##Reflexion##Transfer,60,13–24,"<p>Die Teilnehmenden ordnen sich einem von fünf „Privatsphäre-Persönlichkeitstypen“ zu. Dies dient als niedrigschwelliger Einstieg ins Thema Datenschutz. Anschließend wird in der Gruppe diskutiert, wie unterschiedlich Wahrnehmung und Bedürfnisse im Hinblick auf digitale Privatsphäre ausfallen.</p>","Guido, guido.brombach@igmetall.de","<ul>
<li>meinen eigenen Umgang mit Datenschutz einschätzen.</li>
<li>verschiedene Haltungen zu Privatsphäre verstehen.</li>
<li>unterschiedliche Perspektiven in der Gruppe respektieren und diskutieren.</li>
<li>erkenne, dass Privatsphäre subjektiv wahrgenommen wird.</li>
</ul>",niedrig,,Plenum##Gruppentische,Einzelarbeit##Kleingruppen,"<ul>
<li>Einige TN könnten sich „abgewertet“ fühlen, wenn ihre Haltung als „egal“ dargestellt wird → Moderation sollte wertschätzend formulieren.</li>
<li>Diskussion kann polarisieren, daher klare Moderationsregeln (Respekt, keine Abwertung).</li>
<li>Bei zu großen Gruppen Kleingruppenaustausch zeitlich straffen.</li>
<li>Gruppenbildung ohne Barrieren, ggf. Karten an Sitzplätze verteilen</li>
</ul>","<ol>
<li>Welcher Typ passt am besten zu mir – und warum?</li>
<li>Welche Vorteile und Risiken seht ihr in den verschiedenen Typen?</li>
<li>In welchen Situationen würdet ihr eure Haltung ändern?</li>
<li>Was bedeutet das für den Schutz der eigenen Daten im Alltag?</li>
</ol>",,"<div class=""h5p-placeholder"" contenteditable=""false"">@@PLUGINFILE@@/privatsph%C3%A4rentypen.h5p?export=1&amp;embed=1</div>","<ul>
<li>Handout/Plakat mit den fünf Typen</li>
<li>ggf. Mini-Fragebogen (Papier oder Online)</li>
<li>Moderationskarten und Stifte für Gruppendiskussion</li>
</ul>","<ol>
<li>Einführung: Die Moderation stellt kurz die fünf Typen vor.</li>
<li>Selbst-Test: Jede*r TN liest die Beschreibungen und entscheidet sich für den Typ, der am ehesten passt. (Optional: schriftlicher Mini-Test mit 5–7 Fragen als Orientierungshilfe.)</li>
<li>Gruppenbildung: TN mit gleichem Typ finden sich zusammen.</li>
<li>Austausch in Kleingruppen: Die TN diskutieren, warum sie diesen Typ gewählt haben, und welche Vor- und Nachteile sie darin sehen.</li>
<li>Plenumsdiskussion: Gruppen präsentieren ihre Sichtweisen. Unterschiede werden sichtbar gemacht.</li>
<li>Zusammenfassung: Moderation fasst Unterschiede und Gemeinsamkeiten zusammen und leitet über ins eigentliche Thema Datenschutz/Privatsphäre.</li>
</ol>",SEL,"Erinnern: Wissen wiedergeben oder abrufen (z.B. benennen, definieren)##Verstehen: Informationen interpretieren oder erklären (z.B. zusammenfassen, vergleichen)",
"Geschichte der Privatsphäre – Von gesellschaftlichen Verhältnissen geprägt","Wissen vermitteln",45,13–24,"<p>Die Teilnehmenden bearbeiten die Geschichte der Privatsphäre anhand eines interaktiven Inputs (H5P). Anschließend diskutieren sie in Gruppen, wie gesellschaftliche Verhältnisse Privatsphäre prägen, und übertragen dies auf verschiedene Lebensbereiche.</p>","Guido, guido.brombach@igmetall.de","<ul>
<li>die historische Entwicklung von Privatsphäre nachvollziehen.</li>
<li>analysieren, wie gesellschaftliche Rahmenbedingungen Privatsphäre definieren.</li>
<li>Beispiele für Privatsphäre in verschiedenen Lebensbereichen kritisch reflektieren.</li>
<li>die Bedeutung von Privatsphäre für heutige digitale Kontexte einschätzen.</li>
</ul>",mittel,,Gruppenräume,Kleingruppen,"<ul>
<li>Teilnehmende könnten Privatsphäre primär individuell verstehen; Moderation sollte den gesellschaftlichen Fokus hervorheben.</li>
<li>Unterschiedliche Vorkenntnisse → Input ggf. vereinfachen oder ergänzen.</li>
<li>Bei heterogenen Gruppen auf sprachsensible Formulierungen achten.</li>
</ul>","<ol>
<li>Was hat euch an der Geschichte überrascht?</li>
<li>Wie beeinflussen gesellschaftliche Rahmenbedingungen unser Verständnis von Privatsphäre?</li>
<li>Wo seht ihr heute Veränderungen im Vergleich zu früher (z. B. durch Digitalisierung)?</li>
<li>Welche Unterschiede gibt es zwischen Arbeitswelt, Familie, Öffentlichkeit?</li>
</ol>","gruppenarbeit - geschichte der Privatsphäre.docx","<div class=""h5p-placeholder"" contenteditable=""false"">@@PLUGINFILE@@/die-geschichte-der-privatsphare-5.h5p</div>","<ul>
<li>H5P-Datei „Geschichte der Privatsphäre“ (Laptop, Beamer oder online verfügbar)</li>
<li>Moderationskarten oder Arbeitsblätter mit Leitfragen</li>
<li>Flipchart/Metaplanwand für Gruppenergebnisse</li>
</ul>","<ol>
<li>Input (10 Min): Die Moderation zeigt oder verteilt die H5P-Geschichte „Geschichte der Privatsphäre“. TN lesen/sehen diese selbstständig oder gemeinsam im Plenum.</li>
<li>Kurze Klärung (5 Min): Austausch im Plenum – Was war überraschend, was neu?</li>
<li>Gruppenarbeit (20 Min): In Kleingruppen bearbeiten die TN Leitfragen zu unterschiedlichen gesellschaftlichen Bereichen (z. B. Arbeit, Wohnen, Digitalisierung, Geschlechterrollen).</li>
<li>Präsentation (10 Min): Jede Gruppe präsentiert ihre wichtigsten Ergebnisse im Plenum.</li>
<li>Zusammenfassung (5 Min): Die Moderation zieht das Fazit: Privatsphäre ist ein gesellschaftliches Konstrukt, das sich verändert.</li>
</ol>",SEL,"Verstehen: Informationen interpretieren oder erklären (z.B. zusammenfassen, vergleichen)##Analysieren: Informationen in ihre Bestandteile zerlegen (z.B. unterscheiden, klassifizieren)##Bewerten: Urteile fällen und Kriterien anwenden (z.B. überprüfen, kritisch bewerten)",
"Überwachung im Alltag – Staatlich, privat, digital",Reflexion,60,3–5,"<p>Die TN wählen ein Thema aus einer Sammlung (Videoüberwachung privat, smarte Spielzeuge, Gesichtserkennung, etc.), das sie besonders interessiert. In Kleingruppen erarbeiten sie anhand der Beispiele, welche Machtungleichgewichte bei Überwachung sichtbar werden – und diskutieren, wie gesellschaftliche Regeln und Gestaltungen möglich sind.</p>","Guido, guido.brombach@igmetall.de","<ul>
<li data-start=""2444"" data-end=""2534"">verschiedene Formen von Überwachung (staatlich, privat, digital) unterscheiden.</li>
<li data-start=""2537"" data-end=""2609"">Machtungleichgewichte in Überwachungssituationen analysieren.</li>
<li data-start=""2612"" data-end=""2682"">erkennen, dass Überwachung gesellschaftlich gestaltbar ist.</li>
<li data-start=""2685"" data-end=""2754"">meine eigene Haltung zu Überwachung kritisch reflektieren.</li>
</ul>",mittel,,Gruppenräume,Kleingruppen,"<ul>
<li data-start=""3091"" data-end=""3231"">Gefahr: Diskussion driftet in Einzel-Erfahrungsberichte ab → Moderation sollte auf den Machtaspekt und die gesellschaftliche Ebene lenken.</li>
<li data-start=""3234"" data-end=""3339"">Barrierefreiheit: Texte aus Linkliste ggf. in einfacher Sprache aufbereiten, sprachsensible Moderation.</li>
<li data-start=""3342"" data-end=""3449"">Tipp: Auch Beispiele mitbringen, die TN selbst kennen (Nachbarschaftskamera, WhatsApp-Elterngruppe etc.).</li>
</ul>","<ul>
<li data-start=""3481"" data-end=""3547"">Wo begegnet euch im Alltag Überwachung – bewusst oder unbewusst?</li>
<li data-start=""3550"" data-end=""3627"">Welche Unterschiede seht ihr zwischen staatlicher und privater Überwachung?</li>
<li data-start=""3630"" data-end=""3691"">Welche Machtverhältnisse werden durch Überwachung sichtbar?</li>
<li data-start=""3694"" data-end=""3766"">Wie könnte Überwachung im Interesse der Gesellschaft gestaltet werden?</li>
</ul>",,"<h3>Themenfelder</h3>
<div class=""h5p-placeholder"" contenteditable=""false"">@@PLUGINFILE@@/accordion-1729-1729.h5p?export=1&amp;embed=1&amp;copyright=1</div>
<p></p>
<h3>Linkliste</h3>
<div class=""h5p-placeholder"" contenteditable=""false"">@@PLUGINFILE@@/information-wall-1733-1733.h5p?export=1&amp;embed=1&amp;copyright=1</div>","<ul>
<li data-start=""3824"" data-end=""3872"">Linkliste (H5P)</li>
<li data-start=""3875"" data-end=""3975"">Themenkarten für Kleingruppen (z. B. „Hauskameras“, „Kinderzimmer-Spielzeug“, „Gesichtserkennung“)</li>
<li data-start=""3978"" data-end=""4022"">Flipchart oder Metaplanwand für Ergebnisse</li>
</ul>","<ol>
<li>Einstieg/Input (10 Min)<br>
<ol>
<li>Kurze Einführung: Überwachung ist nicht nur staatlich/polizeilich, sondern auch privat (Nachbarschaft, Spielzeug, Apps) oder kommerziell (Gesichtssuche, biometrische Tests).</li>
<li>Vorstellung der H5P-Story und der Linkliste.</li>
</ol>
</li>
<li>Themenwahl (5 Min)<br>
<ol>
<li>TN wählen individuell ein Thema aus, das sie interessiert (z. B. Hauskameras, Kinderzimmer-Spielzeug, Gesichtserkennung, biometrische Kontrolle).</li>
</ol>
</li>
<li>Gruppenarbeit (25 Min)<br>
<ol>
<li>In Kleingruppen tauschen sich die TN zu „ihrem“ Thema aus.</li>
<li>Leitfragen klären:<br>
<ol>
<li>Wer übt hier die Überwachung aus?</li>
<li>Wer ist überwacht, und mit welchen Folgen?</li>
<li>Welche Machtungleichgewichte zeigen sich?</li>
<li>Wie könnte man hier Grenzen oder Regeln setzen?</li>
</ol>
</li>
<li>Ergebnisse stichpunktartig festhalten.</li>
</ol>
</li>
<li>Präsentation im Plenum (15 Min)<br>
<ol>
<li>Jede Gruppe stellt 1–2 zentrale Erkenntnisse vor.</li>
<li>Moderation zieht Verbindungen zwischen den Themen (staatlich ↔ privat ↔ digital).</li>
</ol>
</li>
<li>Zusammenfassung (5 Min)
<ol>
<li>Kernaussage: Überwachung ist gestaltbar. Sie spiegelt Machtverhältnisse wider – im Staat, in der Wirtschaft und im Privaten.</li>
</ol>
</li>
</ol>",SEL,"Bewerten: Urteile fällen und Kriterien anwenden (z.B. überprüfen, kritisch bewerten)",
Sicherheitsesoterik,Reflexion,30,13–24,"<p>Das Video dient als Impuls, um kritisch über das Spannungsfeld zwischen Sicherheit, Überwachung und Grundrechten zu diskutieren. Die Teilnehmenden reflektieren, welche Argumente, Ängste und gesellschaftlichen Werte in der Debatte um digitale Überwachung eine Rolle spielen.</p>","Guido, guido.brombach@igmetall.de","<ul>
<li>zentrale Argumente zur Vorratsdatenspeicherung benennen.</li>
<li>zwischen Sicherheit und Freiheit als politischen Werten abwägen.</li>
<li>erkennen, wie Satire gesellschaftliche Debatten beeinflusst.</li>
<li>meine eigene Position zur digitalen Überwachung begründen.</li>
</ul>",niedrig,,Plenum,Diskussion,"<ul>
<li>Satire kann provozieren → Sensibilität im Umgang mit unterschiedlichen Meinungen.</li>
<li>Nicht alle TN kennen den rechtlichen Hintergrund → kurze Sachinformation ergänzen.</li>
<li>Alternative für sensiblere Gruppen: Videoausschnitte statt vollständigem Clip.</li>
</ul>","<ol>
<li>Welche Argumente für und gegen Vorratsdatenspeicherung werden im Video dargestellt?</li>
<li>Inwiefern kann Humor helfen, politische Themen kritisch zu beleuchten?</li>
<li>Wie beeinflussen Angst und Sicherheitsbedürfnis politische Entscheidungen?</li>
<li>Wo siehst du Grenzen staatlicher Überwachung im digitalen Raum?</li>
<li>Was ist der Unterschied zwischen staatlicher und privatwirtschaftlicher Überwachung von Facebook?</li>
</ol>",,,"<ul>
<li>Link zum Video: https://igmetall-video.de/w/uJaRn3z3fhy45rJGK7g34F?start=1s</li>
</ul>","<ol>
<li>Einstieg (5 Min.)<br>
<ol>
<li>Kurz ankündigen: „Wir sehen einen satirischen Beitrag zur Vorratsdatenspeicherung – achtet auf die Argumente, Emotionen und Denkmuster, die darin vorkommen.“</li>
</ol>
</li>
<li>Video zeigen (7 Min.)</li>
<li>Erste Reaktion (5 Min.)<br>
<ol>
<li>Offene Blitzlichtrunde: „Was hat euch spontan angesprochen oder irritiert?“</li>
<li>Welche Werte (Freiheit, Sicherheit, Vertrauen, Angst) stehen im Mittelpunkt?</li>
</ol>
</li>
<li>Auswertung (15 Min.)<br>
<ol>
<li>Ergebnisse zusammentragen. Diskussion: Wie verändert Satire den Blick auf politische Themen?</li>
</ol>
</li>
<li>Reflexion/Transfer (10 Min.)<br>
<ol>
<li>Verbindung zu aktuellen Datenschutz- und Sicherheitsfragen im eigenen digitalen Alltag herstellen.</li>
</ol>
</li>
</ol>",SEL,"Analysieren: Informationen in ihre Bestandteile zerlegen (z.B. unterscheiden, klassifizieren)##Bewerten: Urteile fällen und Kriterien anwenden (z.B. überprüfen, kritisch bewerten)",
"Passwortmanager praktisch nutzen","Wissen vermitteln",45,13–24,"<p>Die Teilnehmenden lernen, warum sichere Passwörter wichtig sind, wie Passwortmanager funktionieren und wie sie diese praktisch einsetzen können. Nach einer kurzen Einführung zu Sicherheit, Verschlüsselung und Open-Source-Tools testen sie eigenständig <strong data-start=""877"" data-end=""888"">KeePass</strong> (für Einsteiger*innen) und <strong data-start=""916"" data-end=""929"">Bitwarden</strong> (für Fortgeschrittene) auf ihren Geräten.</p>","Guido, guido.brombach@igmetall.de","<ul>
<li data-start=""2657"" data-end=""2714"">erklären, warum Passwortmanager sinnvoll sind.</li>
<li data-start=""2717"" data-end=""2779"">KeePass oder Bitwarden installieren und einrichten.</li>
<li data-start=""2782"" data-end=""2841"">starke Passwörter erzeugen und sicher speichern.</li>
<li data-start=""2844"" data-end=""2934"">die Vor- und Nachteile von lokalen und cloudbasierten Passwortmanagern abwägen.</li>
</ul>",mittel,,Plenum,Vortrag##Einzelarbeit##Partnerarbeit,"<ul>
<li data-start=""3346"" data-end=""3444"">TN könnten echte Passwörter eingeben → unbedingt darauf hinweisen, nur Übungsdaten zu verwenden.</li>
<li data-start=""3447"" data-end=""3506"">Internetzugang und Installationsrechte im Vorfeld prüfen.</li>
<li data-start=""3509"" data-end=""3586"">Für TN mit älteren Geräten ggf. portable Version von KeePass bereitstellen.</li>
<li data-start=""3589"" data-end=""3679"">Für Barrierefreiheit: Schritt-für-Schritt-Screenshots oder Video-Anleitung bereithalten.</li>
</ul>","<ol>
<li data-start=""3726"" data-end=""3801"">Wie sicher sind Passwortmanager im Vergleich zu anderen Speicherlösungen?</li>
<li data-start=""3805"" data-end=""3894"">Welche Vor- und Nachteile haben lokale (KeePass) vs. cloudbasierte (Bitwarden) Systeme?</li>
<li data-start=""3898"" data-end=""3987"">Was passiert, wenn man das Master-Passwort vergisst – und wie lässt sich das vermeiden?</li>
<li data-start=""3991"" data-end=""4067"">Wie könntest du Passwortmanager in deinen Alltag oder Betrieb integrieren?</li>
<li data-start=""4071"" data-end=""4112"">Was hat dich überrascht oder überzeugt?</li>
</ol>",,,"<ul>
<li>Laptop/PC mit Internet</li>
<li>KeePass Download: https://keepass.info/download.html</li>
<li>Bitwarden: https://bitwarden.com</li>
<li>Beamer für Demonstration</li>
<li>Arbeitsblatt mit Aufgaben &amp; Reflexionsfragen</li>
<li>ggf. portable Version von KeePass (USB)</li>
<li>Flipchart oder digitales Whiteboard</li>
</ul>","<ol>
<li>Einstieg (10 Min.)<br>
<ol>
<li>Kurze Diskussion: „Wie merkt ihr euch eure Passwörter?“</li>
<li>Mini-Input: Warum Passwort-Wiederverwendung ein Risiko ist.</li>
<li>Visualisierung am Flipchart: „Zugangsdaten-Dschungel“.</li>
</ol>
</li>
<li>Einführung in Passwortmanager (10 Min.)<br>
<ol>
<li>Vorstellung zentraler Konzepte: Master-Passwort, Tresor, Verschlüsselung, Synchronisation.</li>
<li>Vorstellung von Keepass</li>
<li>Hinweis auf Datenschutz, Open-Source-Vorteile, Sicherheitsprinzip „Zero-Knowledge“.</li>
</ol>
</li>
<li>Demonstration (10 Min.)<br>
<ol>
<li>Referent*in zeigt Schritt für Schritt:<br>
<ol>
<li>Installation &amp; Anlegen einer Datenbank (KeePass)</li>
<li>Beispiel-Eintrag erstellen, Passwortgenerator nutzen</li>
<li>Für Bitwarden: Web-App-Interface und Browser-Plugin vorstellen</li>
</ol>
</li>
</ol>
</li>
<li>Praxisphase am Rechner (25–30 Min.)<br>
<ol>
<li>TN wählen Tool je nach Erfahrungsgrad:</li>
<li>Gruppe A (Einsteiger*innen): KeePass installieren und erste Passwörter anlegen</li>
<li>Gruppe B (Fortgeschrittene): Bitwarden-Account anlegen und im Browser testen</li>
<li>Aufgabenblatt:<br>
<ol>
<li>Erstelle einen sicheren Eintrag für dein E-Mail-Konto (fiktiv).</li>
<li>Nutze den Passwortgenerator (mind. 16 Zeichen).</li>
<li>Exportiere die Datenbank bzw. überprüfe die Cloud-Synchronisation.</li>
</ol>
</li>
</ol>
</li>
<li>Auswertung &amp; Reflexion (15 Min.)<br>
<ol>
<li>Gemeinsames Sammeln: Was war einfach, was schwierig?</li>
<li>Diskussion: „Welche Lösung würdet ihr privat oder im Betrieb empfehlen – und warum?“</li>
<li>Sicherheitshinweis: Keine echten Passwörter während der Übung verwenden.</li>
</ol>
</li>
</ol>",SEL,"Anwenden: Wissen in neuen Situationen umsetzen (z.B. ausführen, verallgemeinern)",
"Die Schattenakte – Escape Room zur digitalen Selbstverteidigung",Transfer,180,3–5,"<p>Die Teilnehmenden bearbeiten einen digitalen Escape Room über Themen wie Überwachung, Sicherheit, Datenkontrolle und digitale Grundrechte. Nach dem Spiel folgt eine Reflexion, in der sie ihre Erfahrungen, Vorgehensweisen und Einsichten diskutieren.</p>","Guido, guido.brombach@igmetall.de","<ul>
<li>digitale Rätsel gemeinsam im Team lösen und dabei digitale Hinweise interpretieren.</li>
<li>Mechanismen der digitalen Überwachung und Datenspeicherung anhand von Spielszenarien erkennen.</li>
<li>kritisch beurteilen, wie Sicherheit und Freiheit im Internet in Spannung stehen.</li>
<li>auf meinen Alltag übertragen, wo Daten kontrolliert oder geschützt werden sollten.</li>
</ul>",hoch,,Plenum,Kleingruppen,"<ul>
<li>Technische Probleme (z. B. Login erforderlich) → vorher testen.</li>
<li>Teilnehmende könnten sich überwältigt fühlen bei digitalen Rätseln → Gruppen zusammenstellen, die sich gegenseitig unterstützen.</li>
<li>Manche Hinweise könnten auf sensible Themen (Überwachung, Grundrechte) stoßen → Atmosphäre schaffen, in der Diskussion respektvoll ist.</li>
<li>Barrierefreiheit: Sicherstellen, dass alle am PC gut arbeiten können (z. B. passende Schriftgröße, ggf. assistive Technik).</li>
</ul>","<ol>
<li>Welche Hinweise oder Rätsel fandet ihr besonders herausfordernd – warum?</li>
<li>Welche Situationen im Escape Room haben euch an reale digitale Situationen erinnert (z. B. Passwort, Überwachung, Datenzugriff)?</li>
<li>Welche Strategien habt ihr verwendet – und wie erfolgreich waren sie?</li>
<li>Inwiefern verändert das Spiel euren Blick auf Fragen wie: Wer kontrolliert Daten? Wie sicher sind wir wirklich?</li>
<li>Was würdet ihr in eurem digitalen Alltag ändern, nachdem ihr diesen Escape Room gespielt habt?</li>
</ol>",,,"<ul>
<li>PCs oder Laptops mit Internetzugang</li>
<li>Link zum Escape Room: <a href=""https://moodle.igmetall.de/course/view.php?id=6055"">https://moodle.igmetall.de/course/view.php?id=6055</a> (Einschreibeschlüssel: schattenakte)</li>
<li>Handout mit Ablauf und Reflexionsfragen (optional ausgedruckt)</li>
<li>Flipchart oder Whiteboard für Auswertung</li>
</ul>","<ol>
<li>Einführung (5 Min)<br>
<ol>
<li>Kurz die Thematik vorstellen: „Wir arbeiten heute mit einem digitalen Escape Room zum Thema Sicherheit vs. Freiheit im Netz.“</li>
<li>Technische Hinweise: Link aufrufen, ggf. Login/Register, Zeitrahmen erklären.</li>
</ol>
</li>
<li>Gruppenarbeit – Escape Room (150 Min)<br>
<ol>
<li>Die Teilnehmenden bilden Kleingruppen (2–4 Personen).</li>
<li>Jede Gruppe öffnet den Escape Room über den Link und durchläuft die Aufgaben.</li>
<li>Ziel: Rätsel lösen, Hinweise entdecken, gemeinsam Entscheidungen treffen.</li>
</ol>
</li>
<li>Plenums­auswertung &amp; Reflexion (15 Min)<br>
<ol>
<li>Jede Gruppe berichtet in Kurzform:
<ol>
<li>Was war die schwierigste Frage?</li>
<li>Welches Wissen aus dem Seminar habt ihr besonders genutzt?</li>
<li>Welche Strategien habt ihr eingesetzt?</li>
</ol>
</li>
</ol>
</li>
<li>Vertiefung / Transfer (10 Min)<br>
<ol>
<li>Diskussion: Welche Fragestellungen des Spiels lassen sich auf den Alltag übertragen (Passwörter, Datenüberwachung, Privatsphäre)?</li>
<li>Impuls: Was hat euch überrascht oder skeptisch gemacht?</li>
</ol>
</li>
</ol>",SEL,"Anwenden: Wissen in neuen Situationen umsetzen (z.B. ausführen, verallgemeinern)",
"Selbstbestimmt lernen „Digitale Selbstverteidigung“",Reflexion,180,1,"<p>Die Teilnehmenden bearbeiten eigenständig oder zu zweit den Selbstlernkurs „Digitale Selbstverteidigung“ mit den Modulen zu Passwörtern, PC-Sicherheit, Browser, Smartphone, Messenger &amp; Privatsphäre, Cloud &amp; Alternativen, digitale Mündigkeit. Dabei lernen sie nicht nur technische Inhalte, sondern auch selbstbestimmt und selbstverantwortlich zu lernen. Nach der Bearbeitung reflektieren sie ihre Erfahrungen und entwickeln eine eigene Strategie für den Alltag.</p>","Guido, guido.brombach@igmetall.de","<ul>
<li data-start=""2836"" data-end=""2932"">den Selbstlernkurses „Digitale Selbstverteidigung“ eigenständig bearbeiten.</li>
<li data-start=""2935"" data-end=""3057"">mein Lernen selbst organisieren und reflektieren („Ich weiß, was ich gelernt habe und wie ich weiter vorgehe“).</li>
<li data-start=""3060"" data-end=""3145"">eine konkrete Maßnahme für meinen digitalen Alltag auswählen und umsetzen.</li>
<li data-start=""3148"" data-end=""3237"">einschätzen, wie digitaler Selbstschutz funktioniert und warum er wichtig ist.</li>
</ul>",mittel,,Gruppenräume,Einzelarbeit##Partnerarbeit,"<ul>
<li data-start=""3755"" data-end=""3889"">Manche Teilnehmende sind nicht gewohnt, <strong data-start=""3795"" data-end=""3812"">selbstständig</strong> zu lernen → Einstiegshilfe geben und bei der Bearbeitung der ersten Lerneinheiten mithelfen. </li>
<li data-start=""3755"" data-end=""3889"">Es sollte unbedingt ein*e Referent*in anwesend sein, die bei Nachfragen sofort helfen kann</li>
<li data-start=""3892"" data-end=""3991"">Unterschiedliches Tempo: Partnerarbeit sinnvoll mit ähnlich Lernfortschritt-Personen kombinieren.</li>
<li data-start=""3994"" data-end=""4052"">Technikprobleme: Zugang zur Lernplattform vorher testen.</li>
<li data-start=""4055"" data-end=""4141"">Selbstlern-Motivation: Anfangs klare Ziele setzen, Zwischenzeit-Checkpoint einbauen.</li>
<li data-start=""4144"" data-end=""4292"">Barrierefreiheit: Lernmaterialien so gestalten, dass sie auch für Personen mit Einschränkungen nutzbar sind (z. B. große Schrift, klare Struktur).</li>
</ul>","<ol>
<li data-start=""4332"" data-end=""4397"">Was war dein wichtigster Aha-Moment beim Bearbeiten des Kurses?</li>
<li data-start=""4401"" data-end=""4493"">Welche Seite des Moduls (Inhalt, Technik, Lernform) hat dir gut gefallen – welche weniger?</li>
<li data-start=""4497"" data-end=""4587"">Wie gut hast du dein Lernen organisiert? Was würdest du beim nächsten Mal anders machen?</li>
<li data-start=""4591"" data-end=""4691"">Welche Maßnahme hast du ausgewählt – und wie wirst du sicherstellen, dass du sie wirklich umsetzt?</li>
<li data-start=""4695"" data-end=""4787"">Wie hat dir die Arbeit im Partner-Team (wenn gewählt) geholfen oder behindert – und warum?</li>
</ol>",,,"<ul>
<li data-start=""4818"" data-end=""4955"">Zugang zur Lernplattform (z. B. Moodle) mit dem Kurs „Selbstlernkurs Digitale Selbstverteidigung“: <a href=""https://moodle.igmetall.de/course/view.php?id=62"" target=""_blank"" rel=""noopener"">https://moodle.igmetall.de/course/view.php?id=62</a></li>
<li data-start=""4958"" data-end=""5011"">Lernjournal (digital oder analog)</li>
<li data-start=""5014"" data-end=""5056"">Laptop/PC oder Tablet mit Internetzugang</li>
</ul>","<ol>
<li>Einführung (10 Min.)
<ol>
<li>Kurze Klärung: Warum diesen Kurs selbstständig bearbeiten? Welche Vorteile hat eigenverantwortliches Lernen?</li>
<li>Vorstellung des Kursaufbaus und der Module (vgl. Beschreibung auf der Moodle-Seite). <br><a href=""https://moodle.igmetall.de/course/view.php?id=62"" target=""_blank"" rel=""noreferrer noopener"">https://moodle.igmetall.de/course/view.php?id=62</a> (Einschreibeschlüssel: selbstverteidigung)</li>
<li>Absprache: Einzelarbeit oder Partnerarbeit</li>
</ol>
</li>
<li>Selbstlernphase (150 Min.)<br>
<ol>
<li>Für die Selbstlernphase ist ein*e Referent*in anwesend, die bei Nachfragen sofort weiterhelfen kann</li>
<li>Währenddessen führen sie ein Lernjournal oder Notizen: Was habe ich gelernt? Welche Fragen tauchen auf?</li>
<li>Welche Maßnahmen werde ich umsetzen?</li>
<li>Bei Partnerarbeit tauschen sie sich zwischendurch kurz aus: „Was habe ich bisher gemacht? Was bleibt unklar?“</li>
</ol>
</li>
<li>Transfer/Anwendung (10 Min.)<br>
<ol>
<li>Die Teilnehmenden wählen konkret eine Maßnahme, die sie in den nächsten Tagen umsetzen wollen (z. B.</li>
<li>Passwortmanager installieren, Datenschutzeinstellungen prüfen, Messenger-Alternative testen).</li>
<li>Notieren: „Ich werde … bis … umsetzen“ + „So überprüfe ich meinen Fortschritt“.</li>
</ol>
</li>
<li>Reflexion im Plenum oder Online-Forum (10 Min.)<br>
<ol>
<li>Kurze Runde: Was war einfach? Was war schwierig? Wie war das Arbeiten alleine/zu zweit?</li>
<li>Diskussion: Welche Lernstrategien habe ich eingesetzt? Was würde ich beim nächsten Selbstlernmodul anders machen?</li>
</ol>
</li>
</ol>",SEL,"Erinnern: Wissen wiedergeben oder abrufen (z.B. benennen, definieren)",
"Mein Smartphone unter Kontrolle – Sicherheitseinstellungen prüfen und verstehen","Wissen vermitteln",60,13–24,"<p>Die Teilnehmenden prüfen mit Anleitung die Sicherheitseinstellungen ihres eigenen Smartphones (Android oder iOS). Schritt für Schritt entdecken sie, wo persönliche Daten preisgegeben oder geschützt werden können. Dabei werden reale Menüs geöffnet, Einstellungen angepasst und Erfahrungen verglichen. Ziel ist es, Selbstwirksamkeit und digitale Mündigkeit zu stärken.</p>","Guido, guido.brombach@igmetall.de","<ul>
<li data-start=""3446"" data-end=""3537"">Ich kann die wichtigsten Sicherheitseinstellungen meines Smartphones finden und anwenden.</li>
<li data-start=""3540"" data-end=""3616"">Ich kann beurteilen, welche App-Berechtigungen sinnvoll oder riskant sind.</li>
<li data-start=""3619"" data-end=""3681"">Ich kann mein Smartphone gegen unbefugten Zugriff absichern.</li>
<li data-start=""3684"" data-end=""3758"">Ich kann selbstständig Einstellungen überprüfen und regelmäßig anpassen.</li>
</ul>",niedrig,,Plenum,Partnerarbeit,"<ul>
<li data-start=""4257"" data-end=""4341"">Unterschiedliche Systeme (Android/iOS): Es braucht den Hinweis auf unterschiedliche Inhalte, je nach Betriebssystem</li>
<li data-start=""4344"" data-end=""4448"">Einige Teilnehmende kennen ihr Betriebssystem kaum → Peer-Learning fördern (Erfahrene helfen anderen).</li>
<li data-start=""4451"" data-end=""4528"">Privatsphäre wahren: Niemand muss persönliche Daten oder Passwörter zeigen.</li>
</ul>","<ol>
<li data-start=""4671"" data-end=""4735"">Welche Einstellung war für dich nützlich – und warum?</li>
<li data-start=""4739"" data-end=""4805"">Wie sicher fühlst du dich jetzt im Umgang mit deinem Smartphone?</li>
<li data-start=""4809"" data-end=""4880"">Wo siehst du den größten Unterschied zwischen Komfort und Sicherheit?</li>
<li data-start=""4884"" data-end=""4951"">Was wirst du dir angewöhnen, regelmäßig zu prüfen oder zu ändern?</li>
<li data-start=""4955"" data-end=""5015"">Welche Einstellung würdest du anderen besonders empfehlen?</li>
</ol>",,,"<ul>
<li data-start=""5053"" data-end=""5091"">Eigene Smartphones der Teilnehmenden</li>
<li data-start=""5094"" data-end=""5133"">Beamer oder Visualizer mit Demo-Gerät</li>
<li data-start=""5136"" data-end=""5180"">Link zur Kurseinheit: <a href=""https://moodle.igmetall.de/course/section.php?id=457"" target=""_blank"" rel=""noopener"">https://moodle.igmetall.de/course/section.php?id=457</a> (Einschreibeschlüssel: selbstverteidigung)</li>
<li data-start=""5183"" data-end=""5196"">WLAN-Zugang</li>
<li data-start=""5199"" data-end=""5234"">Flipchart/Whiteboard für Sammlung</li>
<li data-start=""5237"" data-end=""5290"">Optional: QR-Code mit Link zum Online-Kursabschnitt</li>
</ul>","<ol>
<li>Einstieg (10 Min.)<br>
<ol>
<li>Impulsfrage: „Was wäre, wenn euer Smartphone heute verloren ginge?“</li>
<li>Kurzes Brainstorming am Flipchart: Welche Daten sind auf meinem Handy – und wer könnte darauf zugreifen?</li>
<li>Mini-Input: Überblick über Sicherheitsaspekte (Passwort, Updates, App-Berechtigungen, Standort, Backups).</li>
</ol>
</li>
<li>Check-Phase – Smartphone-Sicherheitscheck (30 Min.)<br>
<ol>
<li>Jede*r arbeitet mit dem eigenen Gerät, unterstützt durch ein Aufgabenblatt mit 10 konkreten Prüfaufträgen.</li>
<li>Beispielhafte Aufgaben (nach den Kursinhalten)</li>
<li>→ Trainer*in begleitet, beantwortet Fragen und zeigt bei Bedarf live Einstellungen über Beamer (z. B. Demo-Gerät):<br>
<ol>
<li>Öffne deine Sicherheitseinstellungen und prüfe, ob ein Sperrbildschirm aktiv ist.</li>
<li>Überprüfe, ob dein Betriebssystem aktuell ist (Android/iOS-Version).</li>
<li>Öffne die App-Berechtigungen: Welche App hat Zugriff auf Standort, Kamera, Mikrofon?</li>
<li>Schalte ggf. Standort-Tracking für unnötige Apps ab.</li>
<li>Aktiviere – falls möglich – die Zwei-Faktor-Authentifizierung (2FA).</li>
<li>Prüfe deine Datensicherung (Backup) – wo werden deine Daten gespeichert?</li>
<li>Kontrolliere, ob dein WLAN automatisch offene Netze nutzt.</li>
<li>Öffne deine Messenger-App und aktiviere, falls vorhanden, die Sicherheitsbenachrichtigung für Verschlüsselung.</li>
<li>Finde heraus, wie du dein Smartphone im Notfall aus der Ferne sperren oder löschen kannst.</li>
<li>Notiere eine Maßnahme, die du dauerhaft umsetzen möchtest.</li>
</ol>
</li>
</ol>
</li>
<li>Austausch &amp; Diskussion (15 Min.)<br>
<ol>
<li>Kurze Partnerphase: „Was hast du neu entdeckt oder geändert?“</li>
<li>Sammlung im Plenum: Welche Einstellungen waren am überraschendsten? Welche Einschränkungen oder</li>
<li>Zielkonflikte („Komfort vs. Sicherheit“) gibt es?</li>
</ol>
</li>
<li>Reflexion / Transfer (5 Min.)<br>
<ol>
<li>Abschlussfrage: „Welche 3 Sicherheitsmaßnahmen nimmst du dir für den Alltag vor?“</li>
</ol>
</li>
</ol>",SEL,"Anwenden: Wissen in neuen Situationen umsetzen (z.B. ausführen, verallgemeinern)",
"Messenger wie WhatsApp sicher(er) nutzen – Datenschutz Schritt für Schritt","Wissen vermitteln",60,2-3,"<p data-start=""824"" data-end=""1103"">Die Teilnehmenden prüfen und optimieren gemeinsam ihre WhatsApp-Einstellungen, um Privatsphäre und Datensicherheit zu erhöhen. Dabei reflektieren sie, warum WhatsApp trotz Datenschutzbedenken weit verbreitet ist und wie man bewusster mit den eigenen Kommunikationsdaten umgeht. Ziel ist <strong data-start=""1114"" data-end=""1137"">digitale Mündigkeit</strong>: bewusste Nutzung trotz Plattformabhängigkeit.</p>","Guido, guido.brombach@igmetall.de","<ul>
<li data-start=""3727"" data-end=""3828"">die wichtigsten Datenschutz- und Sicherheitseinstellungen in WhatsApp finden und anpassen.</li>
<li data-start=""3831"" data-end=""3897"">erklären, welche Daten WhatsApp sammelt und weitergibt.</li>
<li data-start=""3900"" data-end=""3987"">Alternativen kritisch bewerten und begründet über ihren Einsatz entscheiden.</li>
<li data-start=""3990"" data-end=""4079"">digitale Kommunikation sicherer gestalten – auch auf verbreiteten Plattformen.</li>
</ul>",mittel,,Plenum,Partnerarbeit,"<ul>
<li data-start=""4502"" data-end=""4579"">Unterschiedliche Geräte (Android/iOS) → getrennte Anleitungen bereithalten.</li>
<li data-start=""4582"" data-end=""4653"">Privatsphäre beachten: Keine persönlichen Chats oder Kontakte zeigen.</li>
<li data-start=""4656"" data-end=""4732"">App-Updates können Menüstrukturen verändern → aktuelle Screenshots nutzen.</li>
<li data-start=""4735"" data-end=""4814"">Für Fortgeschrittene: Vergleich mit Signal oder Delta Chat als Bonus-Aufgabe.</li>
</ul>","<ol>
<li data-start=""4861"" data-end=""4928"">Welche Einstellung hat dich überrascht oder war schwer zu finden?</li>
<li data-start=""4932"" data-end=""4995"">Wie fühlt es sich an, mehr Kontrolle über deine App zu haben?</li>
<li data-start=""4999"" data-end=""5047"">Was bleibt trotzdem problematisch an WhatsApp?</li>
<li data-start=""5051"" data-end=""5122"">Wo kannst du im Alltag bewusster entscheiden, welche Daten du teilst?</li>
<li data-start=""5126"" data-end=""5204"">Welche Kommunikationsalternativen würdest du gerne ausprobieren – und warum?</li>
</ol>",,,"<ul>
<li data-start=""5242"" data-end=""5269"">Eigene Smartphones der TN</li>
<li data-start=""5272"" data-end=""5338"">Arbeitsblatt „WhatsApp-Privatsphäre-Check“ (Android/iOS-Version)</li>
<li data-start=""5341"" data-end=""5383"">Beamer oder Visualizer für Demonstration</li>
<li data-start=""5386"" data-end=""5399"">WLAN-Zugang</li>
<li data-start=""5386"" data-end=""5399"">Link zum Kursabschnitt: Messenger und Privatsphäre: <a href=""https://moodle.igmetall.de/course/section.php?id=49059"" target=""_blank"" rel=""noopener"">https://moodle.igmetall.de/course/section.php?id=49059</a> (Einschreibeschlüssel: selbstverteidigung)</li>
</ul>","<ol>
<li>Einstieg (10 Min.)<br>
<ol>
<li>Impuls: „Wer von euch nutzt WhatsApp – und warum?“</li>
<li>Kurze Diskussion:<br>
<ol>
<li>Warum bleiben wir oft bei WhatsApp, obwohl es sicherere Alternativen gibt?</li>
<li>Stichwort Kommunikationszwang: „Ich würde wechseln, aber meine Kontakte sind alle dort.“</li>
</ol>
</li>
<li>Mini-Input zur Datenweitergabe durch WhatsApp:<br>
<ol>
<li>Zugriff auf das Adressbuch → Schattenprofile</li>
<li>Metadaten (wann, mit wem, wie oft kommuniziert)</li>
<li>Unterschied zu Messengern wie Signal oder Threema</li>
</ol>
</li>
</ol>
</li>
<li>Partnerarbeit – Privatsphäre-Check (25–30 Min.)<br>
<ol>
<li>Jeder arbeitet mit dem eigenen Smartphone; Partnerinnen unterstützen sich gegenseitig.</li>
<li>Ziel: Sicherheitseinstellungen anpassen, verstehen, warum sie wichtig sind.<br>Aufgaben für die Einheit:<br>
<ol>
<li>Zwei-Faktor-Authentifizierung aktivieren → „Einstellungen &gt; Konto &gt; Zwei-Schritt-Verifizierung“</li>
<li>Profilbild, Info und Status einschränken → „Datenschutz &gt; Profilbild/Info/Status → Nur meine Kontakte“</li>
<li>Lesebestätigungen (blaue Haken) deaktivieren → „Datenschutz &gt; Lesebestätigungen → aus“</li>
<li>Zuletzt online / Online-Status anpassen → „Datenschutz &gt; Zuletzt online → Niemand“</li>
<li>Gruppenrechte einschränken → „Datenschutz &gt; Gruppen → Nur meine Kontakte“</li>
<li>Sicherheitsbenachrichtigungen aktivieren → „Datenschutz &gt; Sicherheit &gt; Sicherheitsbenachrichtigungen anzeigen“</li>
<li>Automatische Downloads beschränken → „Speicher &amp; Daten &gt; Medien-Auto-Download“</li>
<li>Chat-Backups prüfen → „Chats &gt; Chat-Backup“ → Achtung: Google Drive / iCloud = unverschlüsselt</li>
<li>Sichtbarkeit in Suchergebnissen &amp; Kontaktvorschlägen deaktivieren (wenn verfügbar) → „Datenschutz &gt; Erweiterte Einstellungen“</li>
</ol>
</li>
<li>Reflexion: Welche Einstellung hat dich überrascht oder war dir neu?<br>
<ol>
<li>Tipp: TN helfen sich gegenseitig, vergleichen Android/iOS-Versionen, notieren Besonderheiten.</li>
</ol>
</li>
</ol>
</li>
<li>Austausch im Plenum (10 Min.)<br>
<ol>
<li>Welche Einstellungen habt ihr geändert – warum?</li>
<li>Was war schwierig zu finden oder unklar beschrieben?</li>
<li>Wo liegen die Grenzen von WhatsApp-Datenschutz?</li>
<li>Kurzer Vergleich: Was wäre bei Signal/Threema anders?</li>
</ol>
</li>
<li>Transfer (5 Min.)<br>
<ol>
<li>Jede*r notiert auf einer Moderationskarte:<br>
<ol>
<li>„Eine Einstellung, die ich dauerhaft beibehalten möchte.“</li>
<li>„Einen Messenger, den ich privat ausprobieren will.“</li>
</ol>
</li>
</ol>
</li>
</ol>",SEL,,
