Titel;Seminarphase;Zeitbedarf;Gruppengröße;Kurzbeschreibung;Autor*in / Kontakt;Lernziele (Ich-kann ...);Komplexitätsgrad;Vorbereitung nötig;Raumanforderungen;Sozialform;Risiken/Tipps;Debrief/Reflexionsfragen;Materialien;H5P-Inhalt;Material/Technik;Ablauf;Tags / Schlüsselworte;Kognitive Dimension;Tags
Hallo;Einstieg;30;6–12;<p>„Hallo“ eignet sich als Einstieg, sei es für Workshops, Teamentwicklungsprozesse oder andere Ziele. Seine Strategie kontrastiert mit den typischen „Eisbrecherspielen“, die lediglich lustig sind, jedoch keine Relevanz für das zu behandelnde Thema haben.</p>;Sivasailam Thiagarajan (Thiagi);;mittel;10–30 Min;Stehtische##viel Freifläche;Kleingruppen;;<p>Besprechen Sie die Resultate mit den Teilnehmern. Stellen Sie Ihr Trainingsziel vor und umreißen Sie kurz das Vorgehen beim Workshop. Setzen Sie Ihre Vorstellungen mit den Erwartungen, Erfahrungen und lau-fenden Projekten der Teilnehmer in Bezug. Geben Sie Ihre Definition des Workshop-Themas und stellen Sie diese in Bezug zu den Definitionen der Teilnehmer. </p>;;;"<ul>
<li>Ein Set Spielkarten</li>
<li>Flip-Chart-Papier</li>
<li>Textmarker</li>
<li>Stoppuhr</li>
</ul>";"<h5>Vorbereitung</h5>
<p>Nehmen Sie ein Set Spielkarten. Ermitteln Sie die Anzahl Teilnehmer. Teilen Sie die Zahl durch 4, runden Sie wenn nötig auf. Das Ergebnis dieser Rechnung liefert die Zahl der Karten, die Sie von jeder der vier Farben der Karten aussortieren. Mischen Sie die weggenommenen Karten und verwenden Sie diese, um die Teilnehmer in vier Teams aufzuteilen.</p>
<p>Beispiel: 29 Teilnehmer. Geteilt durch 4, ergibt dies 7,25, was auf 8 aufgerundet wird. Nehmen Sie von jeder der vier Farben 8 Karten: Ass, 2, 3, 4, 5, 6, 7 und 8. Mischen Sie diese Karten. </p>
<h5>Verlauf</h5>
<p>Instruieren Sie die Teilnehmer. Erklären Sie, dass Sie ein Spiel namens „Hallo“ durchführen wollen. Bei dieser Aktivität sollen die Teilnehmer nützliche Informationen übereinander sammeln, die sie dann unter-einander austauschen.</p>
<p>Führen Sie vier Themen ein. Erklären Sie, dass Sie an den folgenden vier Themen interessiert sind:</p>
<ul>
<li>Erwartungen. Was erwarten Sie von diesem Trainingskurs?</li>
<li>Erfahrung. Wie viel Erfahrung und welche im Einzelnen haben Sie in Bezug auf das Workshop-Thema?</li>
<li>Laufendes Projekt. Auf welche Arbeiten, mit denen Sie zurzeit beschäftigt sind, möchten Sie die in diesem Workshop neu erlernten Fertigkeiten und das neue Wissen anwenden?</li>
<li>Definition. Wie würden Sie das Workshop-Thema beschreiben?</li>
</ul>
<p>Erklären Sie die Aktivität. Sagen Sie den Teilnehmern, dass Sie sie in vier Gruppen aufteilen werden. Jedem Team wird eines der vier Themen zugeordnet. Sie werden dann die Teams anweisen, Information zum zugeordneten Thema von allen Teilnehmern, inklusive der eigenen Teammitglieder, einzuholen. Erläutern Sie den zeitlichen Ablauf. Die Teilnehmer müssen die folgenden Zeitspannen einhalten:</p>
<ul>
<li>3 Minuten, um zu planen, wie man die Information von allen einholen will.</li>
<li>3 Minuten, um die Information von allen einzuholen.</li>
<li>3 Minuten, um alle Informationen, welche die Teams gesammelt haben, zu analysieren.</li>
<li>1 Minute (für jedes Team), um eine Zusammenfassung der Information zu präsentieren.</li>
</ul>
<p>Nehmen Sie die Teameinteilung vor. Mischen Sie die Spielkarten und lassen Sie jeden Teilnehmer eine Karte ziehen. Fordern Sie die Teilnehmer auf, sich mit jenen, die dieselbe Kartenfarbe haben, in einem Team zusammenzutun und sich darauf in einer geeigneten Ecke des Raumes zu treffen. Ordnen Sie die Themen den Teams wie folgt zu: </p>
<ul>
<li>Kreuz: Erwartungen</li>
<li>Herz: Erfahrung</li>
<li>Pik (Schaufel): Laufendes Projekt</li>
<li>Karo (Ecke): Definition des Workshop-Themas</li>
</ul>
<p>Koordinieren Sie die Planungsaktivität. Fordern Sie jedes Team dazu auf, zu planen, wie sie die Informa-tion von allen (einschließlich der Mitglieder des eigenen Teams) einholen wollen. Kündigen Sie die Dauer von 3 Minuten an und starten Sie den Timer.</p>
<p>Nach 2 Minuten teilen Sie mit, dass die Teams noch 1 Minute Zeit haben. Nach 3 Minuten kündigen Sie den Schluss der Planungsphase an.</p>
<p>Koordinieren Sie die Informationsbeschaffungs-Aktivität. Kündigen Sie an, dass nun jedes Team 3 Minu-ten Zeit hat, um die Information zum zugeordneten Thema einzuholen. Kündigen Sie die Dauer von 3 Minu-ten an und starten Sie den Timer. Nach 2 Minuten teilen Sie mit, dass die Teams noch 1 Minute Zeit haben. Nach 3 Minuten kündigen Sie den Schluss der Phase der Informationsbeschaffung an.</p>
<p>Koordinieren Sie die Analyseaktivität. Fordern Sie alle auf, wieder zu ihren Teams zurückzukehren. Die Teammitglieder sollen nun alle Informationen zusammentragen und ordnen. Verteilen Sie Flip-Chart-Papier und fordern Sie die Teams dazu auf, ihre Informationen schriftlich zusammenzufassen. Kündigen Sie die Dauer von 3 Minuten an und starten Sie den Timer. Nach 2 Minuten teilen Sie mit, dass die Teams noch 1 Minute Zeit haben. Nach 3 Minuten kündigen Sie den Schluss der Analysephase an.</p>
<p>Koordinieren Sie die Präsentation. Wählen Sie eines der Teams aus, das sein Flipchart als erstes vorstellt. Fordern Sie einen Vertreter des Teams auf, die Resultate und Schlussfolgerungen zu präsentieren. Starten Sie den Timer und kündigen Sie den Schluss der Präsentation nach einer Minute an. Wiederholen Sie denselben Vorgang, bis alle Teams ihre Präsentation gegeben haben.</p>";Thiagi;;
Postkarte von einem Freund;Einstieg;20;13–24;<p>Es geht darum, einen Überblick zum Kurs zu erhalten, kombiniert mit Ratschlägen, die den Teilnehmern helfen sollen, das Maximum aus dem Kurs herauszuholen. </p>;Sivasailam Thiagarajan (Thiagi);;ehr niedrig;10–30 Min;Stuhlkreis##Gruppentische;Kleingruppen;;;;;"<ul>
<li>Postkarten der Teilnehmer früherer Kurse. Bei Bedarf produzieren Sie selber einige Karten in Ihrer eigenen Handschrift, damit jeder Teilnehmer eine Karte erhält.</li>
<li>Unbeschriebenes Papier</li>
<li>Kugelschreiber oder Bleistifte</li>
<li>Flipchartpapier</li>
<li>Filzstifte</li>
<li>Korrekturstifte oder -bänder</li>
</ul>";"<p><strong>Präsentieren Sie das folgende Szenario:</strong> „Eine Ihrer Freundinnen hat diesen Kurs schon letztes Jahr besucht. Da Sie dies wussten, haben Sie ihr eine E-Mail geschrieben, in der Sie sie nach Kommentaren und Ratschlägen fragten, wie am meisten aus dem Kurs herauszuholen sei. Darauf schickt sie Ihnen die Postkarte, die ich Ihnen nun verteile.“</p>
<p><strong>Lesen der Karten.</strong> Verteilen Sie je eine Postkarte pro Teilnehmer. Die Teilnehmer lesen diese und machen sich Gedanken zu deren Inhalt. Teilen Sie mit, dass Sie die Postkarten in ein paar Minuten wieder einsammeln werden.</p>
<p><strong>Vergleichen der Notizen.</strong> Nach drei Minuten sammeln Sie die Postkarten wieder ein und teilen die Teilnehmer in Teams von 3 bis 7 Mitgliedern ein. Jedes Team vergleicht die Ratschläge auf den Postkarten und wählt daraus die drei nützlichsten. </p>
<p><strong>Erstellen von Postern. </strong>Die Teilnehmer notieren die drei nützlichsten Ratschläge auf Flipcharts und illustrie-ren sie. Sie kleben die Flipcharts an die Wand. Alle studieren nun die Ratschläge der andern Teams.</p>
<p><strong>Frage und Antwort. </strong>Die Teilnehmer kehren an ihre Plätze zurück. Ermutigen Sie sie, sich gegenseitig Fragen zu den Ratschlägen auf den Postkarten zu stellen. </p>";Thiagi;;
Lernen und Transfer;Einstieg;20;25;<p>Es geht darum, Richtlinien zur Maximierung des Lernerfolgs in einem Weiterbildungskurs zu generieren, auszuwählen und anzuwenden. Die neu gewonnenen Fähigkeiten und Erkenntnisse sollen am Arbeitplatz Anwendung finden.</p>;Sivasailam Thiagarajan (Thiagi) & Tracy Tagliati;;ehr niedrig;;viel Freifläche;;<p><strong>Weiterführung.</strong> Erinnern Sie die Teilnehmer während des Kurses von Zeit zu Zeit daran zu überprüfen, ob sie ihren Lernerfolg wirklich maximieren und sich entsprechende Ideen zur Umsetzung notieren. Am Schluss des Kurses bringen Sie Ihre Liste auf den neusten Stand.</p>;<p>Weiterführung: regelmäßig prüfen, wie Lernmaximierung/Transfer gelingt, Liste aktualisieren</p>;;;"<ul>
<li>Stoppuhr</li>
<li>Notizpapier</li>
<li>Schreibstifte</li>
<li>Flipchart</li>
<li>Handout „Eine Sammlung mit Antworten früherer Teilnehmergruppen“</li>
</ul>";"<p><strong>Verteilen Sie rote und schwarze Spielkarten.</strong> Bereiten Sie ein Set von Karten so vor, dass sich rote und schwarze Karten abwechseln. Geben Sie jedem Teilnehmer eine Karte, so dass gleich viele rote wie schwarze Karten verteilt werden.</p>
<p><strong>Zeigen Sie zwei Fragen.</strong> Geben Sie ein Tonsignal, um die Aufmerksamkeit auf sich und die zwei Fragen auf dem Flipchart zu lenken.  In schwarzer Schrift: Wie können Sie Ihren Lernerfolg mit Hilfe dieses Kurses maximieren? In roter Schrift: Wie können Sie die neuen Fähigkeiten und Erkenntnisse am Arbeitsplatz am effektivsten umsetzen?</p>
<p><strong>Antworten suchen.</strong> Die Teilnehmer fokussieren sich auf die Frage, die der Farbe ihrer Spielkarte entspricht. Alle arbeiten individuell und notieren sich mehrere Antworten.</p>
<p><strong>Paarbildungen innerhalb derselben Farbe. </strong>Die Teilnehmer suchen sich einen Partner mit derselben Farbe aus. Sie tauschen ihre Antworten aus und notieren sich Gedanken, die sie zuvor noch nicht hatten. Ermuntern Sie die Teilnehmer, sich mit andern zu zweit auszutauschen und weitere Ideen zu notieren. Die ganze Phase dauert 3 Minuten. Geben Sie ein Tonsignal.</p>
<p><strong>Paarbildungen zwischen Rot und Schwarz. </strong>Nun bilden die Teilnehmer Paare mit Partnern der andern Farbe. Sie tauschen ihre Antworten aus und machen sich Notizen zu den Antworten auf die andere Frage. Ermun-tern Sie die Teilnehmer, sich mit andern zu zweit auszutauschen und weitere Ideen zu notieren. Die ganze Phase dauert 3 Minuten. Geben Sie ein Tonsignal.</p>
<p><strong>Antworten auf die zwei Fragen. </strong>Fordern Sie die Teilnehmer auf, an ihre Plätze zurückzukehren. Wählen Sie einzelne Teilnehmer aus und bitten Sie sie, die wichtigsten Erkenntnisse mitzuteilen. Fragen Sie die andern Teilnehmer, ob sie weitere Ideen und Kommentare haben.</p>
<p><strong>Verteilen früherer Antworten. </strong>Notieren Sie sich mögliche neue Antworten der Teilnehmer. Geben Sie jedem Teilnehmer eine Liste mit Antworten aus früheren Kursen (zusammen mit Antworten von Experten). Die Teilnehmer gehen die Liste durch und notieren sich neue Gedanken.</p>";Thiagi;;
Was wir nicht wissen;Einstieg;20;13–24;<p>Es geht darum, Privates mitzuteilen, um Interesse zu wecken.</p>;Sivasailam Thiagarajan (Thiagi);;;;Stuhlkreis##viel Freifläche##Gruppentische;;;"<p>Üblicherweise sind Einstiegsaktivitäten selbsterklärend und brauchen nicht nachbesprochen zu werden. Da es sich bei „Was wir nicht wissen“ um persönliche Details aus dem Leben handelt, die etwas Besonderes an sich haben und eine Aussage über die Person selber machen, schlägt Thiagi eine kurze Nachbesprechung vor. Obwohl die Fragen allgemein gehalten sind, helfen sie den Teilnehmerinnen, über sich nach-zudenken.</p>
<ul>
<li>Was für Begebenheiten sind uns wichtig?</li>
<li>Wer steht im Mittelpunkt?</li>
<li>Was ist der Wahrheitsgehalt der Geschichte?</li>
<li>Werden Geschichten sogar erfunden?</li>
</ul>";;;"<ul>
<li>Karteikarten</li>
<li>Kugelschreiber oder Bleistifte</li>
</ul>";"<p>Die Teilnehmer werden in 2 Gruppen aufgeteilt.</p>
<p><strong>Instruieren Sie die Teilnehmer. </strong>Geben Sie jeder Teilnehmerin eine Karteikarte. Beauftragen Sie sie, ein wenig bekanntes Detail aus ihrem Leben aufzuschreiben. Es handelt sich um „Rosinen des Lebens“ oder besondere Vorlieben.</p>
<p><strong>Bilden Sie zwei Gruppen.</strong> Die erste Gruppe deckt Geheimnisse auf, während die zweite sie dazu befragt. Die Geheimnisse der ersten Gruppe werden an die zweite Gruppe weitergegeben, pro Teilnehmerin eine Karte mit der Schrift nach unten. Es ist der zweiten Gruppe noch nicht erlaubt, die Karte zu lesen.</p>
<p><strong>Aufdecken der Karten.</strong> Die zweite Gruppe ist angehalten, aufzustehen, sich die Karteikarte auf die Stirne zu halten, so dass alle anderen den Text lesen können. Stellen Sie sicher, dass die Personen mit den Karten auf der Stirne, diese selber nicht lesen.</p>
<p><strong>Suche nach den Kartenverfasserinnen.</strong> Die Teilnehmerinnen der zweiten Gruppe müssen nun die Kartenverfasserinnen suchen, indem sie im Raum umhergehen und nach möglichen Verfasserinnen fragen. Falls die richtige Person gefragt wird, muss diese sich zu erkennen geben.</p>
<p><strong>Ergründen der Details.</strong> Die Personen aus der zweiten Gruppe befragen die Verfasserinnen nach der Bege-benheit oder den Vorlieben, indem sie Ja- oder Nein-Fragen stellen. Die Verfasserinnen sind angehalten, wahrheitsgetreu zu antworten, beschränken sich aber auf Ja- und Nein-Antworten.</p>
<p><strong>Aufdecken der Begebenheit.</strong> Das Frage-und-Antwort-Spiel geht so lange weiter, bis die Befragerin die Begebenheit benennen kann. Jetzt darf sie die Karte lesen.</p>
<p><strong>Rollentausch. </strong>Nachdem alle Paare die Begebenheiten ergründet haben, beginnt die zweite Runde, in der die Rollen vertauscht werden. Die Befragerinnen werden zu den Befragten und umgekehrt. Der Verlauf ist identisch mit der ersten Runde.</p>";Thiagi;;
Uhr an der Decke: Uhrzeiger- oder Gegenuhrzeigersinn?;Warm-Up;20;beliebig;<p>Bei diesem Wachrüttler erleben die Teilnehmerinnen einen Perspektivenwechsel. Oft ist es nicht eine Frage, wer Recht oder Unrecht hat, sondern es geht darum, zu erkennen, dass es eine andere Perspektive gibt.</p>;Sivasailam Thiagarajan (Thiagi);;;keine;Stuhlkreis##viel Freifläche##Gruppentische;;;"<p>Wie erklären Sie dieses Phänomen? Lenken Sie die Diskussion zum folgenden Schluss: Der Finger dreht sich immer in dieselbe Richtung, doch unsere Perspektive ändert sich. (Zu Beginn betrachten wir den sich drehenden Finger von unten, am Schluss schauen wir ihn hingegen von oben an.) Fragen Sie: Wo im (Arbeits-)Leben spielt die Perspektive eine entscheidende Rolle? Im Folgenden ein paar Vorschläge:</p>
<p><em>Kundendienst:</em> Die Perspektive eines Kunden kann anders sein als jene eines Angestellten.</p>
<p><em>Familie:</em> Die aus Sicht der Eltern richtige Zeit des Zubettgehens unterscheidet sich zum Teil fundamental von jener, die das Kind für richtig hält.</p>
<p><em>Führung:</em> Die Perspektive des Managers erfolgt von einer höheren Position aus und ist nach unten gerichtet, während die Perspektive des Angestellten von einer tieferen Position aus erfolgt und nach oben gerichtet ist. Ein Manager hat bezüglich einer Lohnerhöhung eine andere Perspektive als ein Mitarbeiter. </p>";;;;"<ol>
<li>Die Teilnehmerinnen erheben sich.</li>
<li>Fordern Sie sie auf, mit ausgestrecktem Arm und Zeigefinger (oder einem Stift) zur Decke zu zeigen.</li>
<li>Sie zeichnen mit dem Finger einen Kreis, im Uhrzeigersinn drehend.</li>
<li>Fordern Sie die Teilnehmerinnen auf zu überprüfen, ob die Richtung stimmt, ob sie auch wirklich im Uhrzeigersinn drehen.</li>
<li>Nach ein paar Drehungen mit gestrecktem Arm, fordern Sie die Teilnehmerinnen auf, die  Drehung weiterzuführen und dabei den Arm drehend bis auf Brusthöhe zu senken.</li>
<li>Stellen Sie die Frage: „In welcher Richtung dreht sich Ihr Finger: im Uhrzeiger- oder im Gegenuhrzeigersinn?“</li>
<li>Viele Teilnehmerinnen werden irritiert reagieren, weil sie feststellen, dass sie im Gegenuhrzeigersinn drehen.</li>
<li>Geben Sie die Anweisung, nochmals von vorne zu beginnen und sich besser zu konzentrieren.</li>
<li>Wenn die ersten Teilnehmerinnen lachen, weil sie realisieren, dass sie nichts falsch gemacht haben, brechen Sie ab und starten Sie die Nachbesprechung.</li>
</ol>";Thiagi;;
Synchronisiertes Klatschen;Warm-Up;10;beliebig;<p>Teilnehmende erfahren, dass Handeln mehr bewirkt als Worte.</p>;Sivasailam Thiagarajan (Thiagi);;ehr niedrig;keine;Stuhlkreis;;;<p>Fragen Sie die Teilnehmer, was sie aus dieser Aktivität gelernt haben. Sammeln Sie weitere Einsichten. Themen können sein: „Taten wirken mehr als Worte“ oder „Gute/schlechte Beispiele beeinflussen das Handeln“.</p>;;;;"<p>Fordern Sie die Teilnehmer auf, einmal mit den Händen zu klatschen. Warten Sie, bis es alle gemacht haben. </p>
<p>Beanstanden Sie dann das miserable Resultat. Sie möchten, dass die Teilnehmer gleichzeitig klatschen, so dass man als Zuhörer einen einzigen Donnerschlag hört.</p>
<p>Teilen Sie mit, dass Sie ein nicht-elektronisches Leistungsunterstützungs-System anwenden, um die Synchronisation zu gewährleisten. Sie werden nämlich auf Drei zählen und dann „klatschen“ sagen. Beim Wort „klatschen“ sollen alle gleichzeitig klatschen. </p>
<p>Zählen Sie nun „eins, zwei, drei“. Nach der Zahl Drei klatschen Sie in die Hände, ohne „klatschen“ zu sagen. Nachdem die meisten Teilnehmer ebenfalls geklatscht haben, geben Sie sich überrascht und sagen nun: „klatschen“.</p>
<p>Fragen Sie die Teilnehmer, warum sie die Instruktionen nicht befolgten und nicht auf das Wort „klatschen“ warteten. Vermutlich wird jemand sagen: „Aber Sie haben ja selbst geklatscht.“ Als Antwort stellen Sie die Frage, ob sie sich denn auch von den Klippen stürzen würden, nur weil Sie es täten. </p>";Thiagi;;
Newton;Warm-Up;5;13–24;<p>Das Erzielen einer Win-win-Situation.</p>;Sivasailam Thiagarajan (Thiagi);;ehr niedrig;keine;Stuhlkreis##Gruppentische;;;"<p>Die Teilnehmer lassen sich die Aktivität nochmals durch den Kopf gehen und vergleichen dann verschie-dene Strategien, die zum Sieg führten. Suchen Sie einen Freiwilligen für eine kurze Demonstration. Sie stellen sich gegeneinander auf, Handfläche an Handfläche. Geben Sie ein Tonsignal und bewegen Sie unverzüglich Ihre Füße. Sagen Sie dem Partner: „Sie haben gewonnen! Wir haben aber immer noch elf Sekunden. Könnten Sie nicht auch Ihre Füße bewegen, damit ich auch gewonnen habe?“</p>
<p>Nach dieser Demonstration werden wohl einige Teilnehmer bemängeln, dass Sie gemogelt hätten. Doch weisen Sie darauf hin, dass die Regel nur besagt, das Gegenüber sei dazu zu bringen, seine Füße binnen 17 Sekunden zu bewegen. Es sei nie die Rede von einem Verbot gewesen, die eigenen Füße zu bewegen. </p>
<p>Fahren Sie mit der Nachbesprechung fort, indem Sie darauf aufmerksam machen, was das Treffen von Annahmen bewirkt. Was für Bedingungen braucht es, um Win-win-Lösungen entstehen zu lassen und achtsames Verhalten zu fördern, damit Konflikte nicht in roher Gewalt enden?</p>";;;"<div>
<ul>
<li>Stoppuhr</li>
</ul>
</div>
<p></p>";"<p><strong>Erste Instruktionen.</strong> Die Teilnehmer bilden Paare. Sie stellen sich einander gegenüber auf, platzieren ihre Füße fest auf dem Boden, heben ihre Arme und berühren sich mit den Handflächen.</p>
<p><strong>Wer gewinnt?</strong> Erklären Sie, dass Sieger ist, wer binnen 17 Sekunden nach dem Tonsignal die andere Person dazu bringt, ihre Füße zu bewegen. Wiederholen Sie diese Regel zur Sicherheit.</p>
<p><strong>Start.</strong> Geben Sie das Signal und starten Sie den Timer. Die meisten Teilnehmer werden rohe Kraft anwen-den, um den andern wegzustoßen. Einige in Kampfsportarten Gewandte hören vielleicht plötzlich auf zu stoßen, damit die andere Person das Gleichgewicht verliert und sich nach vorne bewegt.</p>
<p><strong>Schluss. </strong>Nach Ablauf der Zeit pfeifen Sie, um die Aktivität zu beenden.</p>";Thiagi;;
Leute vom gleichen Schlag;Warm-Up;10;13–24;<p>Jede Person erhält eine Karteikarte mit einem Buchstaben. Die Gruppe wird aufgefordert, Teams mit je fünf Mitgliedern zu bilden. Meistens bilden sich Teams mit denselben Buchstaben. Doch wenn sie die Trainerin beauftragt, mit den Buchstabenkarten so viele Worte wie möglich zu bilden, merken sie, dass es vorteilhafter gewesen wäre, ein durchmischtes Team zu bilden. </p>;Sivasailam Thiagarajan (Thiagi);"<ul>
<li>in durchmischten Teams kreativ sein</li>
<li>aus meiner Komfortzone hervortreten und mich auf ""fremde"" einlassen</li>
</ul>";ehr niedrig;;viel Freifläche;;"<h5>Varianten</h5>
<p><strong>Wollen Sie die Relevanz erhöhen?</strong> Verteilen Sie Buchstabenkarten, die den Namen der Organisation oder eines ihrer Produkte ergeben. </p>
<p><strong>Weiterführung? </strong>Die Teilnehmer legen die Buchstabenkarten weg und bilden Fünferteams, die möglichst den Aspekt der Vielfalt maximieren. </p>";"<p>Machen Sie darauf aufmerksam, dass die Teams mit Indexkarten desselben Buchstabens keine Wörter bilden können. Wenn die Teilnehmer darauf geachtet hätten, möglichst viele verschiedene Buchstaben in ihr Team zu holen, so könnten sie das Wort TEAMS bilden. (Denkbar sind auch die Wörter MATTE, MAST, MATT, SAMT, AMT.) </p>
<p><strong>Bezug zum Arbeitsplatz. </strong>Die Teilnehmer denken an verschiedene Teams in ihrer Organisation und untersuchen, ob diese gezielt die Vielfalt unter ihren Mitgliedern maximieren und stärken. </p>
<p><strong>Lernpunkte:</strong> Gruppen mit vielfältigen Eigenschaften und Ressourcen bilden produktivere Teams. Da durch-mischte Teams eine größere Vielfalt von Lösungen hervorbringen, liefern sie in der Regel positivere Ergeb-nisse. </p>";;;;"<p>Schreiben Sie auf die eine Seite einer Karteikarte den Buchstaben T. Auf die nächste Karte schreiben Sie E, auf die folgende A, auf die vierte M und auf die fünfte S. Wiederholen Sie dies, bis Sie für jeden Teilnehmer eine Karte mit einem dieser fünf Buchstaben haben. </p>
<p><strong>Verteilen der Karten. </strong>Geben Sie jedem Teilnehmer eine Buchstabenkarte. </p>
<p><strong>Teambildung.</strong> Die Teilnehmer bilden so rasch wie möglich Teams mit fünf Mitgliedern. Die meisten werden Teams aus Leuten mit demselben Buchstaben bilden. </p>
<p><strong>Weitere Instruktionen.</strong> Die Teilnehmer müssen möglichst lange Wörter mit den Buchstaben auf den Index-karten bilden. Das Team mit dem längsten Wort gewinnt.</p>";Thiagi;;
Rücken an Rücken;Warm-Up;20;13–24;<p>Es handelt sich um ein energiegeladenes Improvisationsspiel, das jederzeit bei einer Sitzung eingebaut werden kann. Die Teilnehmer arrangieren sich in Paaren, die sich Rücken an Rücken hinstellen. Der Leiter stellt eine Frage. Die Teilnehmer drehen sich um und schauen sich an. Sie teilen einander ihre Antworten mit.</p>;Tracy Tagliati (Thiagi Gameletter, 11/2010);;ehr niedrig;keine;viel Freifläche;;;<p>Varianten/Fragebeispiele nutzen, ggf. am Sitzungsende</p>;;;;"<p><strong>Teilnehmer bilden Paare. </strong>Die Paare stellen sich Rücken an Rücken hin. Falls eine Person zu viel ist, so kann eine Dreiergruppe gebildet werden. </p>
<p>Fragen zur Nachbesprechung. Hier ein paar Beispiele:</p>
<ul>
<li>Welches war Ihrer Ansicht nach der wichtigste Punkt der heutigen Sitzung?</li>
<li>Welches ist Ihrer Meinung nach der anregendste Gedanke, wenn Sie zurück in Ihre Organisation gehen?</li>
<li>Welche Idee wird im täglichen Leben am leichtesten umzu-setzen sein?</li>
<li>Welche Idee wird auf den größten Widerstand stoßen?</li>
<li>Welche Idee werden Sie als Erstes umsetzen?</li>
<li>Welche Fragen haben Sie noch zu diesem Thema?</li>
</ul>
<p><strong>Reflexion zur Frage.</strong> Jede Teilnehmerin überlegt sich die Frage und bereitet eine Antwort vor.</p>
<p><strong>Tonsignal. </strong>Die Teilnehmer drehen sich um und schauen einander an.</p>
<p><strong>Bestimmen, wer beginnen soll.</strong> Benützen Sie diesen Prozess als Gelegenheit für die Teilnehmer, etwas bisher Unbekanntes über das Gegenüber zu erfahren. Sagen Sie zum Beispiel:</p>
<ul>
<li>Die Person, deren Geburtstag zuerst kommt, beginnt mit Mit-teilen.</li>
<li>Die Person, die den weiteren Arbeitsweg hat, beginnt.</li>
<li>Die Person mit den meisten Kindern (den ältesten, den jüng-sten) oder mit den meisten Haustieren oder Fahrrädern beginnt.</li>
</ul>
<p><strong>Geben Sie ein Zeitlimit an.</strong> Die Teilnehmer haben je 30 Sekunden zur Verfügung.</p>
<p><strong>Pfeifen Sie.</strong> Nach rund einer Minute pfeifen Sie, und fordern Sie die Teilnehmer auf, neue Partner zu suchen und sich wieder Rücken an Rücken hinzustellen.</p>
<p><strong>Neue Frage.</strong> Gehen Sie vor wie oben. Bei genügend Zeit stellen Sie drei bis fünf Fragen.</p>";Thiagi;;
Farben und Formen;Warm-Up;10;beliebig;<p>Der Moderator zieht ein rotes Rechteck und ein blaues Dreieck aus einer Einkaufstasche, zeigt sie den Zuschauern und legt sie dann wieder in die Tasche zurück. Eine Teilnehmerin soll nun mit geschlossenen Augen sieben rote Stücke aus der Tasche herausholen. Sie zieht also sieben Rechtecke heraus unter der falschen Annahme, dass alle Rechtecke rot seien. Sie wird sowohl rote als auch blaue Rechtecke der Tasche entnehmen. Jetzt wird die Übung analysiert. Anschließend soll eine weitere Person sieben blaue Stücke herausholen.</p>;Sivasailam Thiagarajan (Thiagi);"<ul>
<li>vorschnelle Annahmen erkennen und kritisch hinterfragen.</li>
<li>prüfen, ob meine Informationen vollständig und zuverlässig sind, bevor ich eine Entscheidung treffe.</li>
<li>mir bewusst machen, wie lückenhafte Informationen zu Fehleinschätzungen führen können.</li>
<li>Strategien anwenden, um bei Unsicherheit weitere Informationen einzuholen, anstatt voreilige Schlüsse zu ziehen.</li>
</ul>";mittel;;Stuhlkreis;;<p>Tipp: rotes Rechteck + blaues Dreieck vorab mit Büroklammer zusammenheften</p>;<p>Weshalb führen Annahmen in die Irre? Parallelen zu Vorurteilen und Urteilskraft</p>;;;"<ul>
<li>6 rote Rechtecke</li>
<li>6 blaue Rechtecke</li>
<li>6 rote Dreiecke</li>
<li>6 blaue Dreiecke</li>
<li>Eine Einkaufstasche</li>
</ul>";"<p>Beschaffen Sie sich roten und blauen Karton. Schneiden Sie die folgenden 24 Formen daraus: </p>
<ul>
<li>6 rote Rechtecke</li>
<li>6 blaue Rechtecke</li>
<li>6 rote Dreiecke</li>
<li>6 blaue Dreiecke</li>
</ul>
<p>Stecken Sie die Formen in eine große Einkaufstasche.</p>
<p><strong>Zeigen der Kartonteile.</strong> Nehmen Sie die Tasche hervor. Ziehen Sie daraus ein rotes Rechteck und ein blau-es Dreieck, und zeigen Sie diese den Teilnehmern.</p>
<p><strong>Tipp:</strong> Vor dem Spiel heften Sie ein rotes Rechteck und ein blaues Dreieck mit einer Büroklammer zusammen. Zu Spielbeginn greifen Sie mit der Hand in die Tasche und erspüren die Teile mit der Büroklammer. Entfernen Sie diese noch in der Tasche, und ziehen Sie dann das rote Rechteck und das blaue Dreieck hervor.</p>
<p><strong>Sagen Sie:</strong> „Diese Tasche enthält 24 Kartonteile. Es gibt zwei verschiedene Farben und zwei verschie-dene Formen, die Sie hier sehen.“</p>
<p>Durch diese Formulierung verleiten Sie die Zuschauer zur Annahme, dass alle Rechtecke rot und alle Drei-ecke blau seien. </p>
<p><strong>Erste Versuchsperson.</strong> Fordern Sie jemanden dazu auf, nach vorne zu kommen. Sagen Sie ihm, er solle sich mit geschlossenen Augen rote Formen aussuchen.</p>
<p><strong>Erste Phase.</strong> Die Versuchsperson darf die Formen in der Tasche nicht sehen. Sie schließt ihre Augen, greift mit der Hand in die Tasche und sucht sich sieben rote Formen aus, eine nach der andern. Wenn sie Ihnen die Formen gibt, halten Sie diese hoch, so dass die Zuschauer sie sehen. Halten Sie einen Finger auf den Mund, um die Zuschauer zum Schweigen anzuhalten.</p>
<p><strong>Ende der ersten Phase.</strong> Wenn die Versuchsperson Ihnen die sieben Stücke gegeben hat, darf sie die Augen wieder öffnen. Zeigen Sie ihr die gewählten Stücke. Höchstwahrscheinlich werden es rote und blaue Recht-ecke sein. Beschweren Sie sich auf spielerische Weise: ""Ich habe Ihnen doch gesagt, Sie sollten rote Stücke auswählen. Was machen denn die blauen hier?""</p>
<p><strong>Nachbesprechung der ersten Phase.</strong> Stellen Sie dem Plenum Fragen, die zu folgenden Feststellungen führen:</p>
<ul>
<li>In dieser Aktivität ist das Sehen wichtiger als das Anfassen.</li>
<li>Als wir ein rotes Rechteck sahen, schlossen wir sofort darauf, dass alle Rechtecke rot seien.</li>
<li>Manchmal urteilen wir ebenso vorschnell und stereotyp über Menschen. Die äußere Erscheinung verführt uns manchmal zu Vorurteilen. Um einen Menschen wirklich zu verstehen, brauchen wir mehr Informa-tion. Erst in der reflektierten Interaktion mit einer Person, kommen wir dieser näher.</li>
</ul>
<p><strong>Zweite Versuchsperson. </strong>Bedanken Sie sich bei der ersten Person, und fordern Sie eine zweite auf, nach vorne kommen.</p>
<p><strong>Zweite Phase.</strong> Sagen Sie der zweiten Versuchsperson, sie bekomme dieselbe Aufgabe wie die erste. Es gebe jedoch einen und sieben blaue Formen hervorziehen. Betonen Sie, dass sie ausschließlich blaue Stücke auswählen solle. Wenn die Person einwirft, dass sie die Aufgabe nicht mit geschlossenen Augen erfüllen könne, ermutigen Sie sie, es dennoch zu versuchen. kleinen Unterschied. Sie soll ihre Augen schließen, mit einer Hand in die Tasche greifen.</p>
<p><strong>Schluss der zweiten Phase. </strong>Wenn Ihnen die Versuchsperson die sieben Formen gegeben hat, kann sie die Augen wieder öffnen. Zeigen Sie ihr die gewählten Formen. Wie beim ersten Mal werden es wahrscheinlich rote und blaue sein.</p>
<p><strong>Debriefing der zweiten Phase. </strong>Stellen Sie dem Plenum Fragen, die zu folgenden Feststellungen führen:</p>
<p>Es ist unmöglich, nur blaue Stücke zu wählen, ohne zu schauen, denn beide Formen können beide Farben aufweisen.</p>
<p>Es ist unmöglich, Schlossfolgerungen zu Menschen zu treffen, ohne über genügend Informationen zu verfügen. Ähnliche Menschen können verschiedene Werte haben, an andere Dinge glauben und andere Denkmuster aufweisen. Wir müssen zuerst mit Menschen reden und sehen, wie sie sich verhalten, um nicht vorschnell zu urteilen.</p>";Thiagi;;
Zählen und buchstabieren;Warm-Up;5;beliebig;<p>Die Teilnehmer zählen die geraden Zahlen. Danach buchstabieren sie ein Wort. Als Drittes kombinieren sie beide Tätigkeiten, indem sie zwischen Zählen und Buchstabieren abwechseln.</p>;Sivasailam Thiagarajan (Thiagi);"<ul>
<li>die Grenzen von Multitasking benennen und beschreiben.</li>
<li>erkennen, wann Multitasking meine Konzentration und Leistungsfähigkeit einschränkt.</li>
<li>einschätzen, welche Aufgaben sich gleichzeitig erledigen lassen und welche nicht.</li>
<li>Strategien anwenden, um Überforderung durch Multitasking zu vermeiden.</li>
</ul>";mittel;keine;Stuhlkreis##Gruppentische;;"<p>Dieser Wachrüttler kann mit Hilfe einer Audioaufnahme durchgeführt werden. Machen Sie eine Tonaufnah-me der nachfolgenden Anweisungen:</p>
<p><em>""Bereiten Sie sich darauf vor, die geraden Zahlen zu zählen (2, 4, 6 usw.). Zählen Sie die geraden Zahlen von 2 bis 20 laut und deutlich. Los!"" </em></p>
<p>(Aufnahmepause: 10 Sekunden)</p>
<p><em>""Stopp. Es folgt die nächste Aufgabe. Buchstabieren Sie laut das Wort Simulation. Los!""</em></p>
<p>(Aufnahmepause: 10 Sekunden)</p>
<p><em>""Kombinieren Sie nun das Zählen der geraden Zahlen und das Buchstabieren des Wortes Simula-tion, indem Sie zwischen den zwei Tätigkeiten abwechseln. Also so: 2, S,4, I und so fort. Los.""</em></p>
<p>(Aufnahmepause: 20 Sekunden)</p>";"<p>Diese Aktivität simuliert das Multitasking. Falls jemand die Zeiten des separaten Zählens und des separa-ten Buchstabierens zusammenzählt, so dürfte die Summe kleiner sein als die Zeit für die kombinierte Tätigkeit. Weiter dürfte auch die Anzahl Fehler bei der kombinierten Tätigkeit höher sein.</p>
<p>Auswertungsfragen könnten sein: Was sagt dies über die Grenzen des Multitasking aus? Gibt es auch Vorteile? Natürlich können wir allein aufgrund dieses Experiments keine Verallgemeinerungen ableiten. </p>
<p>Überlegen Sie sich, ob es Bedingungen gibt, unter welchen das Multitasking schneller und präziser ist als ein Vorgehen, bei dem zwei Aufgaben nacheinander ausgeführt werden?</p>";;;;"<p>Lesen Sie die Anweisungen vor oder geben Sie sie in Ihren eigenen Worten wieder:</p>
<p><em>„Bereiten Sie sich darauf vor, die geraden Zahlen zu zählen (2, 4, 6 usw.). Zählen Sie die geraden Zahlen von 2 bis 20 laut und deutlich. Los!“ </em></p>
<p>(Teilnehmer sagen die Zahlen auf)</p>
<p><em>„Es folgt die nächste Aufgabe.</em> <em>Buchstabieren Sie laut das Wort Simulation. Los!“</em></p>
<p>Die Teilnehmer buchstabieren das Wort.</p>
<p><em>""Kombinieren Sie nun das Zählen der geraden Zahlen und das Buchstabieren des Wortes Simula-tion, indem Sie zwischen den zwei Tätigkeiten abwechseln. Also so: 2, S,4, I und so fort. Los!""</em></p>
<p>Die Teilnehmer versuchen beides zu kombinieren.</p>";Thiagi;;
Gedächtnistest;Warm-Up;10;beliebig;<p>Es geht in der Übung darum, deutlich zu machen, was Teilnehmende sich in einem Kurs oder von vorge-stellten Inhalten wirklich merken und welche Inhalte weniger gut hängen bleiben.</p>;Sivasailam Thiagarajan (Thiagi), Übersetzung: Annette Gisevius;;niedrig;keine;viel Freifläche;;;"<p>Erörtern Sie, welche Dinge sich die Teilnehmer in Vorträgen üblicherweise merken:</p>
<ol>
<li>Das zuerst genannte Wort: Schlaf</li>
<li>Das zuletzt genannte: Kopfkissen</li>
<li>Dinge, die wiederholt werden: Nacht</li>
<li>Ungewöhnliches: Zebra</li>
</ol>
<p>In Vorträgen müssen daher Dinge, die nicht in diese Kategorien fallen, häufiger wiederholt oder anderwei-tig betont werden, damit sie im Gedächtnis bleiben.</p>
<p>Darüber hinaus gibt es stillschweigende Annahmen oder Schlussfolgerungen, die von Teilnehmenden als genannt vermutet werden: In diesem Falle „Bett“, welches nicht genannt wurde, aber in den Kontext gepasst hätte.</p>
<p>Daher sollten Trainer in Vorträgen/Trainings auch Elemente explizit ausschließen, damit die Annahmen der Teilnehmer nicht als „Wahrheit“ aus einem Vortrag mitgenommen werden.</p>";;;<p>Stifte und Schreibpapier für die Teilnehmenden</p>;"<p>Bitten Sie die Teilnehmenden, sich möglichst viele der Wörter zu merken, die ihnen im Anschluss vorgele-sen werden. Es sollen dabei keine Notizen gemacht werden. Lesen Sie einmal langsam die folgenden Wörter vor:</p>
<p><em>Schlaf – Nacht – dunkel – schnarchen – dösen – träumen – Nacht – schlafwandeln – Bettdecke – Wecker – Vorhang – Zebra – dunkel – Sterne – einschlafen – Nacht – Kopfkissen</em></p>
<p>Die Teilnehmer schreiben dann die Begriffe auf, die sie sich gemerkt haben.</p>
<p>Danach lesen Sie die Wörter erneut vor, so dass die Teilnehmer ihre Listen vergleichen können. Fragen Sie dann, wer sich 10, 11, 12, 13… Begriffe richtig gemerkt hat.</p>
<p>Fragen Sie nach, wer das Wort „Bett“ notiert hat – welches nicht in der Liste genannt wurde.</p>";Thiagi;;